schema_name,table_name,column_name,runtime_status,read_usage,write_usage,filter_usage,relation_usage,legacy_fallback,code_references,confidence,notes
public,admin_permissions,id,ACTIVE_READ_WRITE,yes,yes,yes,no,no,src/lib/admin-auth/adminPermissions.repository.js; src/lib/admin-auth/adminActionPermissions.js; src/app/admin/permissions/page.js,High,
public,admin_permissions,key,ACTIVE_READ_WRITE,yes,yes,no,no,no,src/lib/admin-auth/adminPermissions.repository.js; src/lib/admin-auth/adminActionPermissions.js; src/app/admin/permissions/page.js,High,
public,admin_permissions,name,ACTIVE_READ_WRITE,yes,yes,no,no,no,src/lib/admin-auth/adminPermissions.repository.js; src/lib/admin-auth/adminActionPermissions.js; src/app/admin/permissions/page.js,High,
public,admin_permissions,description,ACTIVE_READ_WRITE,yes,yes,no,no,no,src/lib/admin-auth/adminPermissions.repository.js; src/lib/admin-auth/adminActionPermissions.js; src/app/admin/permissions/page.js,High,
public,admin_permissions,category,ACTIVE_READ_WRITE,yes,yes,no,no,no,src/lib/admin-auth/adminPermissions.repository.js; src/lib/admin-auth/adminActionPermissions.js; src/app/admin/permissions/page.js,High,
public,admin_permissions,created_at,ACTIVE_READ_WRITE,yes,yes,no,no,no,src/lib/admin-auth/adminPermissions.repository.js; src/lib/admin-auth/adminActionPermissions.js; src/app/admin/permissions/page.js,High,
public,admin_permissions,updated_at,ACTIVE_READ_WRITE,yes,yes,no,no,no,src/lib/admin-auth/adminPermissions.repository.js; src/lib/admin-auth/adminActionPermissions.js; src/app/admin/permissions/page.js,High,
public,admin_profiles,id,ACTIVE_READ_WRITE,yes,yes,yes,no,no,src/lib/admin-auth/adminProfiles.repository.js; src/lib/admin-auth/adminProfileLookup.js; src/components/admin/profile/services/profile.service.js,High,
public,admin_profiles,full_name,ACTIVE_READ_WRITE,yes,yes,no,no,no,src/lib/admin-auth/adminProfiles.repository.js; src/lib/admin-auth/adminProfileLookup.js; src/components/admin/profile/services/profile.service.js,High,
public,admin_profiles,email,ACTIVE_READ_WRITE,yes,yes,no,no,no,src/lib/admin-auth/adminProfiles.repository.js; src/lib/admin-auth/adminProfileLookup.js; src/components/admin/profile/services/profile.service.js,High,
public,admin_profiles,is_active,ACTIVE_READ_WRITE,yes,yes,yes,no,no,src/lib/admin-auth/adminProfiles.repository.js; src/lib/admin-auth/adminProfileLookup.js; src/components/admin/profile/services/profile.service.js,High,
public,admin_profiles,last_login_at,ACTIVE_READ_WRITE,yes,yes,no,no,no,src/lib/admin-auth/adminProfiles.repository.js; src/lib/admin-auth/adminProfileLookup.js; src/components/admin/profile/services/profile.service.js,High,
public,admin_profiles,created_at,ACTIVE_READ_WRITE,yes,yes,no,no,no,src/lib/admin-auth/adminProfiles.repository.js; src/lib/admin-auth/adminProfileLookup.js; src/components/admin/profile/services/profile.service.js,High,
public,admin_profiles,updated_at,ACTIVE_READ_WRITE,yes,yes,no,no,no,src/lib/admin-auth/adminProfiles.repository.js; src/lib/admin-auth/adminProfileLookup.js; src/components/admin/profile/services/profile.service.js,High,
public,admin_role_permissions,role_id,ACTIVE_READ_WRITE,yes,yes,yes,yes,no,src/lib/admin-auth/adminPermissions.repository.js; src/lib/admin-auth/adminRoles.repository.js; src/lib/admin-auth/adminActionPermissions.js; src/components/admin/users/services/usersActionWriteHelpers.js,High,
public,admin_role_permissions,permission_id,ACTIVE_READ_WRITE,yes,yes,yes,yes,no,src/lib/admin-auth/adminPermissions.repository.js; src/lib/admin-auth/adminRoles.repository.js; src/lib/admin-auth/adminActionPermissions.js; src/components/admin/users/services/usersActionWriteHelpers.js,High,
public,admin_role_permissions,created_at,ACTIVE_READ_WRITE,yes,yes,no,no,no,src/lib/admin-auth/adminPermissions.repository.js; src/lib/admin-auth/adminRoles.repository.js; src/lib/admin-auth/adminActionPermissions.js; src/components/admin/users/services/usersActionWriteHelpers.js,High,
public,admin_roles,id,ACTIVE_READ_WRITE,yes,yes,yes,no,no,src/lib/admin-auth/adminRoles.repository.js; src/lib/admin-auth/adminActionPermissions.js; src/components/admin/users/services/usersActionWriteHelpers.js; src/app/admin/roles/page.js,High,
public,admin_roles,key,ACTIVE_READ_WRITE,yes,yes,no,no,no,src/lib/admin-auth/adminRoles.repository.js; src/lib/admin-auth/adminActionPermissions.js; src/components/admin/users/services/usersActionWriteHelpers.js; src/app/admin/roles/page.js,High,
public,admin_roles,name,ACTIVE_READ_WRITE,yes,yes,no,no,no,src/lib/admin-auth/adminRoles.repository.js; src/lib/admin-auth/adminActionPermissions.js; src/components/admin/users/services/usersActionWriteHelpers.js; src/app/admin/roles/page.js,High,
public,admin_roles,description,ACTIVE_READ_WRITE,yes,yes,no,no,no,src/lib/admin-auth/adminRoles.repository.js; src/lib/admin-auth/adminActionPermissions.js; src/components/admin/users/services/usersActionWriteHelpers.js; src/app/admin/roles/page.js,High,
public,admin_roles,sort_order,ACTIVE_READ_WRITE,yes,yes,yes,no,no,src/lib/admin-auth/adminRoles.repository.js; src/lib/admin-auth/adminActionPermissions.js; src/components/admin/users/services/usersActionWriteHelpers.js; src/app/admin/roles/page.js,High,
public,admin_roles,is_active,ACTIVE_READ_WRITE,yes,yes,yes,no,no,src/lib/admin-auth/adminRoles.repository.js; src/lib/admin-auth/adminActionPermissions.js; src/components/admin/users/services/usersActionWriteHelpers.js; src/app/admin/roles/page.js,High,
public,admin_roles,created_at,ACTIVE_READ_WRITE,yes,yes,no,no,no,src/lib/admin-auth/adminRoles.repository.js; src/lib/admin-auth/adminActionPermissions.js; src/components/admin/users/services/usersActionWriteHelpers.js; src/app/admin/roles/page.js,High,
public,admin_roles,updated_at,ACTIVE_READ_WRITE,yes,yes,no,no,no,src/lib/admin-auth/adminRoles.repository.js; src/lib/admin-auth/adminActionPermissions.js; src/components/admin/users/services/usersActionWriteHelpers.js; src/app/admin/roles/page.js,High,
public,admin_user_roles,user_id,ACTIVE_READ_WRITE,yes,yes,yes,yes,no,src/lib/admin-auth/userRoles.repository.js; src/lib/admin-auth/adminActionPermissions.js; src/components/admin/users/services/usersActionWriteHelpers.js; src/proxy.js,High,
public,admin_user_roles,role_id,ACTIVE_READ_WRITE,yes,yes,yes,yes,no,src/lib/admin-auth/userRoles.repository.js; src/lib/admin-auth/adminActionPermissions.js; src/components/admin/users/services/usersActionWriteHelpers.js; src/proxy.js,High,
public,admin_user_roles,is_primary,ACTIVE_READ_WRITE,yes,yes,no,no,no,src/lib/admin-auth/userRoles.repository.js; src/lib/admin-auth/adminActionPermissions.js; src/components/admin/users/services/usersActionWriteHelpers.js; src/proxy.js,High,
public,admin_user_roles,created_at,ACTIVE_READ_WRITE,yes,yes,no,no,no,src/lib/admin-auth/userRoles.repository.js; src/lib/admin-auth/adminActionPermissions.js; src/components/admin/users/services/usersActionWriteHelpers.js; src/proxy.js,High,
public,board_members,id,ACTIVE_READ_WRITE,yes,yes,yes,no,no,src/components/admin/board/services/board.service.js; src/app/admin/department/board/actions.js; src/app/(website)/fussball/abteilung/vorstand/page.js; src/lib/admin-auth/profileCardLinks.repository.js; src/components/admin/users/services/users.service.js,High,
public,board_members,first_name,ACTIVE_READ_WRITE,yes,yes,no,no,no,src/components/admin/board/services/board.service.js; src/app/admin/department/board/actions.js; src/app/(website)/fussball/abteilung/vorstand/page.js; src/lib/admin-auth/profileCardLinks.repository.js; src/components/admin/users/services/users.service.js,High,
public,board_members,last_name,ACTIVE_READ_WRITE,yes,yes,no,no,no,src/components/admin/board/services/board.service.js; src/app/admin/department/board/actions.js; src/app/(website)/fussball/abteilung/vorstand/page.js; src/lib/admin-auth/profileCardLinks.repository.js; src/components/admin/users/services/users.service.js,High,
public,board_members,role_de,ACTIVE_READ_WRITE,yes,yes,no,no,no,src/components/admin/board/services/board.service.js; src/app/admin/department/board/actions.js; src/app/(website)/fussball/abteilung/vorstand/page.js; src/lib/admin-auth/profileCardLinks.repository.js; src/components/admin/users/services/users.service.js,High,
public,board_members,role_en,ACTIVE_READ_WRITE,yes,yes,no,no,no,src/components/admin/board/services/board.service.js; src/app/admin/department/board/actions.js; src/app/(website)/fussball/abteilung/vorstand/page.js; src/lib/admin-auth/profileCardLinks.repository.js; src/components/admin/users/services/users.service.js,High,
public,board_members,email,ACTIVE_READ_WRITE,yes,yes,no,no,no,src/components/admin/board/services/board.service.js; src/app/admin/department/board/actions.js; src/app/(website)/fussball/abteilung/vorstand/page.js; src/lib/admin-auth/profileCardLinks.repository.js; src/components/admin/users/services/users.service.js,High,
public,board_members,phone,ACTIVE_READ_WRITE,yes,yes,no,no,no,src/components/admin/board/services/board.service.js; src/app/admin/department/board/actions.js; src/app/(website)/fussball/abteilung/vorstand/page.js; src/lib/admin-auth/profileCardLinks.repository.js; src/components/admin/users/services/users.service.js,High,
public,board_members,image_url,ACTIVE_READ_WRITE,yes,yes,no,no,no,src/components/admin/board/services/board.service.js; src/app/admin/department/board/actions.js; src/app/(website)/fussball/abteilung/vorstand/page.js; src/lib/admin-auth/profileCardLinks.repository.js; src/components/admin/users/services/users.service.js,High,
public,board_members,is_active,ACTIVE_READ_WRITE,yes,yes,yes,no,no,src/components/admin/board/services/board.service.js; src/app/admin/department/board/actions.js; src/app/(website)/fussball/abteilung/vorstand/page.js; src/lib/admin-auth/profileCardLinks.repository.js; src/components/admin/users/services/users.service.js,High,
public,board_members,sort_order,ACTIVE_READ_WRITE,yes,yes,yes,no,no,src/components/admin/board/services/board.service.js; src/app/admin/department/board/actions.js; src/app/(website)/fussball/abteilung/vorstand/page.js; src/lib/admin-auth/profileCardLinks.repository.js; src/components/admin/users/services/users.service.js,High,
public,board_members,created_at,ACTIVE_READ_WRITE,yes,yes,no,no,no,src/components/admin/board/services/board.service.js; src/app/admin/department/board/actions.js; src/app/(website)/fussball/abteilung/vorstand/page.js; src/lib/admin-auth/profileCardLinks.repository.js; src/components/admin/users/services/users.service.js,High,
public,board_members,role_id,ACTIVE_READ_WRITE,yes,yes,yes,yes,no,src/components/admin/board/services/board.service.js; src/app/admin/department/board/actions.js; src/app/(website)/fussball/abteilung/vorstand/page.js; src/lib/admin-auth/profileCardLinks.repository.js; src/components/admin/users/services/users.service.js,High,
public,board_members,admin_profile_id,ACTIVE_READ_WRITE,yes,yes,partial,yes,no,src/components/admin/board/services/board.service.js; src/app/admin/department/board/actions.js; src/app/(website)/fussball/abteilung/vorstand/page.js; src/lib/admin-auth/profileCardLinks.repository.js; src/components/admin/users/services/users.service.js,High,
public,board_roles,id,ACTIVE_READ_ONLY,yes,no,yes,no,no,src/app/(website)/fussball/abteilung/vorstand/page.js; src/app/admin/settings/page.js,Medium,
public,board_roles,name_de,ACTIVE_READ_ONLY,yes,no,no,no,no,src/app/(website)/fussball/abteilung/vorstand/page.js; src/app/admin/settings/page.js,Medium,
public,board_roles,name_en,ACTIVE_READ_ONLY,yes,no,no,no,no,src/app/(website)/fussball/abteilung/vorstand/page.js; src/app/admin/settings/page.js,Medium,
public,board_roles,slug,ACTIVE_READ_ONLY,yes,no,yes,no,no,src/app/(website)/fussball/abteilung/vorstand/page.js; src/app/admin/settings/page.js,Medium,
public,board_roles,is_active,ACTIVE_READ_ONLY,yes,no,yes,no,no,src/app/(website)/fussball/abteilung/vorstand/page.js; src/app/admin/settings/page.js,Medium,
public,board_roles,sort_order,ACTIVE_READ_ONLY,yes,no,yes,no,no,src/app/(website)/fussball/abteilung/vorstand/page.js; src/app/admin/settings/page.js,Medium,
public,board_roles,created_at,ACTIVE_READ_ONLY,yes,no,no,no,no,src/app/(website)/fussball/abteilung/vorstand/page.js; src/app/admin/settings/page.js,Medium,
public,club_closure_periods,id,ACTIVE_READ_ONLY,yes,no,yes,no,no,src/lib/events/eventLoader.js,High,
public,club_closure_periods,title,ACTIVE_READ_ONLY,yes,no,no,no,no,src/lib/events/eventLoader.js,High,
public,club_closure_periods,reason,ACTIVE_READ_ONLY,yes,no,no,no,no,src/lib/events/eventLoader.js,High,
public,club_closure_periods,starts_on,ACTIVE_READ_ONLY,yes,no,no,no,no,src/lib/events/eventLoader.js,High,
public,club_closure_periods,ends_on,ACTIVE_READ_ONLY,yes,no,no,no,no,src/lib/events/eventLoader.js,High,
public,club_closure_periods,applies_to_all,ACTIVE_READ_ONLY,yes,no,no,no,no,src/lib/events/eventLoader.js,High,
public,club_closure_periods,team_season_id,ACTIVE_READ_ONLY,yes,no,yes,yes,no,src/lib/events/eventLoader.js,High,
public,club_closure_periods,is_active,ACTIVE_READ_ONLY,yes,no,yes,no,no,src/lib/events/eventLoader.js,High,
public,club_closure_periods,created_at,ACTIVE_READ_ONLY,yes,no,no,no,no,src/lib/events/eventLoader.js,High,
public,club_closure_periods,updated_at,ACTIVE_READ_ONLY,yes,no,no,no,no,src/lib/events/eventLoader.js,High,
public,club_contacts,id,ACTIVE_READ_WRITE,yes,yes,yes,no,no,src/components/admin/settings/settings.service.js; src/app/admin/settings/page.js; src/components/Footer.js; src/app/(website)/kontakt/page.js,High,
public,club_contacts,category,ACTIVE_READ_WRITE,yes,yes,no,no,no,src/components/admin/settings/settings.service.js; src/app/admin/settings/page.js; src/components/Footer.js; src/app/(website)/kontakt/page.js,High,
public,club_contacts,role_key,ACTIVE_READ_WRITE,yes,yes,no,no,no,src/components/admin/settings/settings.service.js; src/app/admin/settings/page.js; src/components/Footer.js; src/app/(website)/kontakt/page.js,High,
public,club_contacts,role_de,ACTIVE_READ_WRITE,yes,yes,no,no,no,src/components/admin/settings/settings.service.js; src/app/admin/settings/page.js; src/components/Footer.js; src/app/(website)/kontakt/page.js,High,
public,club_contacts,role_en,ACTIVE_READ_WRITE,yes,yes,no,no,no,src/components/admin/settings/settings.service.js; src/app/admin/settings/page.js; src/components/Footer.js; src/app/(website)/kontakt/page.js,High,
public,club_contacts,contact_name,ACTIVE_READ_WRITE,yes,yes,no,no,no,src/components/admin/settings/settings.service.js; src/app/admin/settings/page.js; src/components/Footer.js; src/app/(website)/kontakt/page.js,High,
public,club_contacts,email,ACTIVE_READ_WRITE,yes,yes,no,no,no,src/components/admin/settings/settings.service.js; src/app/admin/settings/page.js; src/components/Footer.js; src/app/(website)/kontakt/page.js,High,
public,club_contacts,phone,ACTIVE_READ_WRITE,yes,yes,no,no,no,src/components/admin/settings/settings.service.js; src/app/admin/settings/page.js; src/components/Footer.js; src/app/(website)/kontakt/page.js,High,
public,club_contacts,image_url,ACTIVE_READ_WRITE,yes,yes,no,no,no,src/components/admin/settings/settings.service.js; src/app/admin/settings/page.js; src/components/Footer.js; src/app/(website)/kontakt/page.js,High,
public,club_contacts,is_public,ACTIVE_READ_WRITE,yes,yes,no,no,no,src/components/admin/settings/settings.service.js; src/app/admin/settings/page.js; src/components/Footer.js; src/app/(website)/kontakt/page.js,High,
public,club_contacts,is_active,ACTIVE_READ_WRITE,yes,yes,yes,no,no,src/components/admin/settings/settings.service.js; src/app/admin/settings/page.js; src/components/Footer.js; src/app/(website)/kontakt/page.js,High,
public,club_contacts,sort_order,ACTIVE_READ_WRITE,yes,yes,yes,no,no,src/components/admin/settings/settings.service.js; src/app/admin/settings/page.js; src/components/Footer.js; src/app/(website)/kontakt/page.js,High,
public,club_contacts,created_at,ACTIVE_READ_WRITE,yes,yes,no,no,no,src/components/admin/settings/settings.service.js; src/app/admin/settings/page.js; src/components/Footer.js; src/app/(website)/kontakt/page.js,High,
public,club_contacts,updated_at,ACTIVE_READ_WRITE,yes,yes,no,no,no,src/components/admin/settings/settings.service.js; src/app/admin/settings/page.js; src/components/Footer.js; src/app/(website)/kontakt/page.js,High,
public,club_history_images,id,ACTIVE_READ_WRITE,yes,yes,yes,no,no,src/components/admin/club-history/services/clubHistory.service.js; src/app/admin/club-history/page.js; src/app/(website)/fussball/vereinsgeschichte/page.js,High,
public,club_history_images,club_history_page_id,ACTIVE_READ_WRITE,yes,yes,yes,yes,no,src/components/admin/club-history/services/clubHistory.service.js; src/app/admin/club-history/page.js; src/app/(website)/fussball/vereinsgeschichte/page.js,High,
public,club_history_images,image_url,ACTIVE_READ_WRITE,yes,yes,no,no,no,src/components/admin/club-history/services/clubHistory.service.js; src/app/admin/club-history/page.js; src/app/(website)/fussball/vereinsgeschichte/page.js,High,
public,club_history_images,image_path,ACTIVE_READ_WRITE,yes,yes,no,no,no,src/components/admin/club-history/services/clubHistory.service.js; src/app/admin/club-history/page.js; src/app/(website)/fussball/vereinsgeschichte/page.js,High,
public,club_history_images,alt_text_de,ACTIVE_READ_WRITE,yes,yes,no,no,no,src/components/admin/club-history/services/clubHistory.service.js; src/app/admin/club-history/page.js; src/app/(website)/fussball/vereinsgeschichte/page.js,High,
public,club_history_images,caption_de,ACTIVE_READ_WRITE,yes,yes,no,no,no,src/components/admin/club-history/services/clubHistory.service.js; src/app/admin/club-history/page.js; src/app/(website)/fussball/vereinsgeschichte/page.js,High,
public,club_history_images,sort_order,ACTIVE_READ_WRITE,yes,yes,yes,no,no,src/components/admin/club-history/services/clubHistory.service.js; src/app/admin/club-history/page.js; src/app/(website)/fussball/vereinsgeschichte/page.js,High,
public,club_history_images,is_active,ACTIVE_READ_WRITE,yes,yes,yes,no,no,src/components/admin/club-history/services/clubHistory.service.js; src/app/admin/club-history/page.js; src/app/(website)/fussball/vereinsgeschichte/page.js,High,
public,club_history_images,created_at,ACTIVE_READ_WRITE,yes,yes,no,no,no,src/components/admin/club-history/services/clubHistory.service.js; src/app/admin/club-history/page.js; src/app/(website)/fussball/vereinsgeschichte/page.js,High,
public,club_history_images,updated_at,ACTIVE_READ_WRITE,yes,yes,no,no,no,src/components/admin/club-history/services/clubHistory.service.js; src/app/admin/club-history/page.js; src/app/(website)/fussball/vereinsgeschichte/page.js,High,
public,club_history_images,alt_text_en,ACTIVE_READ_WRITE,yes,yes,no,no,no,src/components/admin/club-history/services/clubHistory.service.js; src/app/admin/club-history/page.js; src/app/(website)/fussball/vereinsgeschichte/page.js,High,
public,club_history_images,caption_en,ACTIVE_READ_WRITE,yes,yes,no,no,no,src/components/admin/club-history/services/clubHistory.service.js; src/app/admin/club-history/page.js; src/app/(website)/fussball/vereinsgeschichte/page.js,High,
public,club_history_milestones,id,ACTIVE_READ_WRITE,yes,yes,yes,no,no,src/components/admin/club-history/services/clubHistory.service.js; src/app/admin/club-history/page.js,High,
public,club_history_milestones,club_history_page_id,ACTIVE_READ_WRITE,yes,yes,yes,yes,no,src/components/admin/club-history/services/clubHistory.service.js; src/app/admin/club-history/page.js,High,
public,club_history_milestones,milestone_year,ACTIVE_READ_WRITE,yes,yes,no,no,no,src/components/admin/club-history/services/clubHistory.service.js; src/app/admin/club-history/page.js,High,
public,club_history_milestones,title_de,ACTIVE_READ_WRITE,yes,yes,no,no,no,src/components/admin/club-history/services/clubHistory.service.js; src/app/admin/club-history/page.js,High,
public,club_history_milestones,description_de,ACTIVE_READ_WRITE,yes,yes,no,no,no,src/components/admin/club-history/services/clubHistory.service.js; src/app/admin/club-history/page.js,High,
public,club_history_milestones,sort_order,ACTIVE_READ_WRITE,yes,yes,yes,no,no,src/components/admin/club-history/services/clubHistory.service.js; src/app/admin/club-history/page.js,High,
public,club_history_milestones,is_active,ACTIVE_READ_WRITE,yes,yes,yes,no,no,src/components/admin/club-history/services/clubHistory.service.js; src/app/admin/club-history/page.js,High,
public,club_history_milestones,created_at,ACTIVE_READ_WRITE,yes,yes,no,no,no,src/components/admin/club-history/services/clubHistory.service.js; src/app/admin/club-history/page.js,High,
public,club_history_milestones,updated_at,ACTIVE_READ_WRITE,yes,yes,no,no,no,src/components/admin/club-history/services/clubHistory.service.js; src/app/admin/club-history/page.js,High,
public,club_history_milestones,title_en,ACTIVE_READ_WRITE,yes,yes,no,no,no,src/components/admin/club-history/services/clubHistory.service.js; src/app/admin/club-history/page.js,High,
public,club_history_milestones,description_en,ACTIVE_READ_WRITE,yes,yes,no,no,no,src/components/admin/club-history/services/clubHistory.service.js; src/app/admin/club-history/page.js,High,
public,club_history_milestones,milestone_year_to,ACTIVE_READ_WRITE,yes,yes,no,no,no,src/components/admin/club-history/services/clubHistory.service.js; src/app/admin/club-history/page.js,High,
public,club_history_milestones,milestone_year_until,ACTIVE_READ_WRITE,yes,yes,no,no,no,src/components/admin/club-history/services/clubHistory.service.js; src/app/admin/club-history/page.js,High,
public,club_history_pages,id,ACTIVE_READ_WRITE,yes,yes,yes,no,no,src/components/admin/club-history/services/clubHistory.service.js; src/app/admin/club-history/page.js; src/app/(website)/fussball/vereinsgeschichte/page.js,High,
public,club_history_pages,page_key,ACTIVE_READ_WRITE,yes,yes,no,no,no,src/components/admin/club-history/services/clubHistory.service.js; src/app/admin/club-history/page.js; src/app/(website)/fussball/vereinsgeschichte/page.js,High,
public,club_history_pages,title_de,ACTIVE_READ_WRITE,yes,yes,no,no,no,src/components/admin/club-history/services/clubHistory.service.js; src/app/admin/club-history/page.js; src/app/(website)/fussball/vereinsgeschichte/page.js,High,
public,club_history_pages,teaser_de,ACTIVE_READ_WRITE,yes,yes,no,no,no,src/components/admin/club-history/services/clubHistory.service.js; src/app/admin/club-history/page.js; src/app/(website)/fussball/vereinsgeschichte/page.js,High,
public,club_history_pages,content_de,ACTIVE_READ_WRITE,yes,yes,no,no,no,src/components/admin/club-history/services/clubHistory.service.js; src/app/admin/club-history/page.js; src/app/(website)/fussball/vereinsgeschichte/page.js,High,
public,club_history_pages,is_published,ACTIVE_READ_WRITE,yes,yes,yes,no,no,src/components/admin/club-history/services/clubHistory.service.js; src/app/admin/club-history/page.js; src/app/(website)/fussball/vereinsgeschichte/page.js,High,
public,club_history_pages,published_at,ACTIVE_READ_WRITE,yes,yes,yes,no,no,src/components/admin/club-history/services/clubHistory.service.js; src/app/admin/club-history/page.js; src/app/(website)/fussball/vereinsgeschichte/page.js,High,
public,club_history_pages,sort_order,ACTIVE_READ_WRITE,yes,yes,yes,no,no,src/components/admin/club-history/services/clubHistory.service.js; src/app/admin/club-history/page.js; src/app/(website)/fussball/vereinsgeschichte/page.js,High,
public,club_history_pages,is_active,ACTIVE_READ_WRITE,yes,yes,yes,no,no,src/components/admin/club-history/services/clubHistory.service.js; src/app/admin/club-history/page.js; src/app/(website)/fussball/vereinsgeschichte/page.js,High,
public,club_history_pages,created_at,ACTIVE_READ_WRITE,yes,yes,no,no,no,src/components/admin/club-history/services/clubHistory.service.js; src/app/admin/club-history/page.js; src/app/(website)/fussball/vereinsgeschichte/page.js,High,
public,club_history_pages,updated_at,ACTIVE_READ_WRITE,yes,yes,no,no,no,src/components/admin/club-history/services/clubHistory.service.js; src/app/admin/club-history/page.js; src/app/(website)/fussball/vereinsgeschichte/page.js,High,
public,club_history_pages,title_en,ACTIVE_READ_WRITE,yes,yes,no,no,no,src/components/admin/club-history/services/clubHistory.service.js; src/app/admin/club-history/page.js; src/app/(website)/fussball/vereinsgeschichte/page.js,High,
public,club_history_pages,teaser_en,ACTIVE_READ_WRITE,yes,yes,no,no,no,src/components/admin/club-history/services/clubHistory.service.js; src/app/admin/club-history/page.js; src/app/(website)/fussball/vereinsgeschichte/page.js,High,
public,club_history_pages,content_en,ACTIVE_READ_WRITE,yes,yes,no,no,no,src/components/admin/club-history/services/clubHistory.service.js; src/app/admin/club-history/page.js; src/app/(website)/fussball/vereinsgeschichte/page.js,High,
public,club_settings,id,ACTIVE_READ_WRITE,yes,yes,yes,no,no,src/components/admin/settings/settings.service.js; src/app/admin/settings/page.js; src/components/Footer.js,High,
public,club_settings,singleton,ACTIVE_READ_WRITE,yes,yes,no,no,no,src/components/admin/settings/settings.service.js; src/app/admin/settings/page.js; src/components/Footer.js,High,
public,club_settings,club_name,ACTIVE_READ_WRITE,yes,yes,no,no,no,src/components/admin/settings/settings.service.js; src/app/admin/settings/page.js; src/components/Footer.js,High,
public,club_settings,short_name,ACTIVE_READ_WRITE,yes,yes,no,no,no,src/components/admin/settings/settings.service.js; src/app/admin/settings/page.js; src/components/Footer.js,High,
public,club_settings,street,ACTIVE_READ_WRITE,yes,yes,no,no,no,src/components/admin/settings/settings.service.js; src/app/admin/settings/page.js; src/components/Footer.js,High,
public,club_settings,house_number,ACTIVE_READ_WRITE,yes,yes,no,no,no,src/components/admin/settings/settings.service.js; src/app/admin/settings/page.js; src/components/Footer.js,High,
public,club_settings,postal_code,ACTIVE_READ_WRITE,yes,yes,no,no,no,src/components/admin/settings/settings.service.js; src/app/admin/settings/page.js; src/components/Footer.js,High,
public,club_settings,city,ACTIVE_READ_WRITE,yes,yes,no,no,no,src/components/admin/settings/settings.service.js; src/app/admin/settings/page.js; src/components/Footer.js,High,
public,club_settings,phone,ACTIVE_READ_WRITE,yes,yes,no,no,no,src/components/admin/settings/settings.service.js; src/app/admin/settings/page.js; src/components/Footer.js,High,
public,club_settings,email,ACTIVE_READ_WRITE,yes,yes,no,no,no,src/components/admin/settings/settings.service.js; src/app/admin/settings/page.js; src/components/Footer.js,High,
public,club_settings,website_url,ACTIVE_READ_WRITE,yes,yes,no,no,no,src/components/admin/settings/settings.service.js; src/app/admin/settings/page.js; src/components/Footer.js,High,
public,club_settings,club_colors,ACTIVE_READ_WRITE,yes,yes,no,no,no,src/components/admin/settings/settings.service.js; src/app/admin/settings/page.js; src/components/Footer.js,High,
public,club_settings,registry_info,ACTIVE_READ_WRITE,yes,yes,no,no,no,src/components/admin/settings/settings.service.js; src/app/admin/settings/page.js; src/components/Footer.js,High,
public,club_settings,copyright_text,ACTIVE_READ_WRITE,yes,yes,no,no,no,src/components/admin/settings/settings.service.js; src/app/admin/settings/page.js; src/components/Footer.js,High,
public,club_settings,google_maps_url,ACTIVE_READ_WRITE,yes,yes,no,no,no,src/components/admin/settings/settings.service.js; src/app/admin/settings/page.js; src/components/Footer.js,High,
public,club_settings,social_links,ACTIVE_READ_WRITE,yes,yes,no,no,no,src/components/admin/settings/settings.service.js; src/app/admin/settings/page.js; src/components/Footer.js,High,
public,club_settings,created_at,ACTIVE_READ_WRITE,yes,yes,no,no,no,src/components/admin/settings/settings.service.js; src/app/admin/settings/page.js; src/components/Footer.js,High,
public,club_settings,updated_at,ACTIVE_READ_WRITE,yes,yes,no,no,no,src/components/admin/settings/settings.service.js; src/app/admin/settings/page.js; src/components/Footer.js,High,
public,coach_team_seasons,id,ACTIVE_READ_WRITE,yes,yes,yes,no,no,src/components/admin/teams/services/teams.service.js; src/app/admin/teams/actions.js; src/lib/admin-auth/scopes/scopeRepository.js,High,
public,coach_team_seasons,coach_id,ACTIVE_READ_WRITE,yes,yes,yes,yes,no,src/components/admin/teams/services/teams.service.js; src/app/admin/teams/actions.js; src/lib/admin-auth/scopes/scopeRepository.js,High,
public,coach_team_seasons,team_season_id,ACTIVE_READ_WRITE,yes,yes,yes,yes,no,src/components/admin/teams/services/teams.service.js; src/app/admin/teams/actions.js; src/lib/admin-auth/scopes/scopeRepository.js,High,
public,coach_team_seasons,role_de,ACTIVE_READ_WRITE,yes,yes,no,no,no,src/components/admin/teams/services/teams.service.js; src/app/admin/teams/actions.js; src/lib/admin-auth/scopes/scopeRepository.js,High,
public,coach_team_seasons,role_en,ACTIVE_READ_WRITE,yes,yes,no,no,no,src/components/admin/teams/services/teams.service.js; src/app/admin/teams/actions.js; src/lib/admin-auth/scopes/scopeRepository.js,High,
public,coach_team_seasons,is_active,ACTIVE_READ_WRITE,yes,yes,yes,no,no,src/components/admin/teams/services/teams.service.js; src/app/admin/teams/actions.js; src/lib/admin-auth/scopes/scopeRepository.js,High,
public,coach_team_seasons,sort_order,ACTIVE_READ_WRITE,yes,yes,yes,no,no,src/components/admin/teams/services/teams.service.js; src/app/admin/teams/actions.js; src/lib/admin-auth/scopes/scopeRepository.js,High,
public,coach_team_seasons,created_at,ACTIVE_READ_WRITE,yes,yes,no,no,no,src/components/admin/teams/services/teams.service.js; src/app/admin/teams/actions.js; src/lib/admin-auth/scopes/scopeRepository.js,High,
public,coaches,id,ACTIVE_READ_WRITE,yes,yes,yes,no,no,src/components/admin/coaches/services/coaches.service.js; src/app/admin/coaches/actions.js; src/app/(website)/fussball/abteilung/trainer/page.js; src/app/admin/settings/page.js; src/lib/admin-auth/profileCardLinks.repository.js; src/components/admin/topbar/adminSearch.service.js,High,
public,coaches,team_id,LEGACY_FALLBACK,yes,yes,yes,yes,yes,src/components/admin/coaches/services/coaches.service.js; src/app/admin/coaches/actions.js; src/app/(website)/fussball/abteilung/trainer/page.js; src/app/admin/settings/page.js; src/lib/admin-auth/profileCardLinks.repository.js; src/components/admin/topbar/adminSearch.service.js,High,Direct team assignment is preserved as fallback beside coach_team_seasons.
public,coaches,name,ACTIVE_READ_WRITE,yes,yes,no,no,no,src/components/admin/coaches/services/coaches.service.js; src/app/admin/coaches/actions.js; src/app/(website)/fussball/abteilung/trainer/page.js; src/app/admin/settings/page.js; src/lib/admin-auth/profileCardLinks.repository.js; src/components/admin/topbar/adminSearch.service.js,High,
public,coaches,role_de,ACTIVE_READ_WRITE,yes,yes,no,no,no,src/components/admin/coaches/services/coaches.service.js; src/app/admin/coaches/actions.js; src/app/(website)/fussball/abteilung/trainer/page.js; src/app/admin/settings/page.js; src/lib/admin-auth/profileCardLinks.repository.js; src/components/admin/topbar/adminSearch.service.js,High,
public,coaches,role_en,ACTIVE_READ_WRITE,yes,yes,no,no,no,src/components/admin/coaches/services/coaches.service.js; src/app/admin/coaches/actions.js; src/app/(website)/fussball/abteilung/trainer/page.js; src/app/admin/settings/page.js; src/lib/admin-auth/profileCardLinks.repository.js; src/components/admin/topbar/adminSearch.service.js,High,
public,coaches,email,ACTIVE_READ_WRITE,yes,yes,no,no,no,src/components/admin/coaches/services/coaches.service.js; src/app/admin/coaches/actions.js; src/app/(website)/fussball/abteilung/trainer/page.js; src/app/admin/settings/page.js; src/lib/admin-auth/profileCardLinks.repository.js; src/components/admin/topbar/adminSearch.service.js,High,
public,coaches,phone,ACTIVE_READ_WRITE,yes,yes,no,no,no,src/components/admin/coaches/services/coaches.service.js; src/app/admin/coaches/actions.js; src/app/(website)/fussball/abteilung/trainer/page.js; src/app/admin/settings/page.js; src/lib/admin-auth/profileCardLinks.repository.js; src/components/admin/topbar/adminSearch.service.js,High,
public,coaches,image_url,ACTIVE_READ_WRITE,yes,yes,no,no,no,src/components/admin/coaches/services/coaches.service.js; src/app/admin/coaches/actions.js; src/app/(website)/fussball/abteilung/trainer/page.js; src/app/admin/settings/page.js; src/lib/admin-auth/profileCardLinks.repository.js; src/components/admin/topbar/adminSearch.service.js,High,
public,coaches,is_active,ACTIVE_READ_WRITE,yes,yes,yes,no,no,src/components/admin/coaches/services/coaches.service.js; src/app/admin/coaches/actions.js; src/app/(website)/fussball/abteilung/trainer/page.js; src/app/admin/settings/page.js; src/lib/admin-auth/profileCardLinks.repository.js; src/components/admin/topbar/adminSearch.service.js,High,
public,coaches,sort_order,ACTIVE_READ_WRITE,yes,yes,yes,no,no,src/components/admin/coaches/services/coaches.service.js; src/app/admin/coaches/actions.js; src/app/(website)/fussball/abteilung/trainer/page.js; src/app/admin/settings/page.js; src/lib/admin-auth/profileCardLinks.repository.js; src/components/admin/topbar/adminSearch.service.js,High,
public,coaches,created_at,ACTIVE_READ_WRITE,yes,yes,no,no,no,src/components/admin/coaches/services/coaches.service.js; src/app/admin/coaches/actions.js; src/app/(website)/fussball/abteilung/trainer/page.js; src/app/admin/settings/page.js; src/lib/admin-auth/profileCardLinks.repository.js; src/components/admin/topbar/adminSearch.service.js,High,
public,coaches,team_slug,ACTIVE_READ_WRITE,yes,yes,no,no,no,src/components/admin/coaches/services/coaches.service.js; src/app/admin/coaches/actions.js; src/app/(website)/fussball/abteilung/trainer/page.js; src/app/admin/settings/page.js; src/lib/admin-auth/profileCardLinks.repository.js; src/components/admin/topbar/adminSearch.service.js,High,
public,coaches,photo_url,ACTIVE_READ_WRITE,yes,yes,no,no,no,src/components/admin/coaches/services/coaches.service.js; src/app/admin/coaches/actions.js; src/app/(website)/fussball/abteilung/trainer/page.js; src/app/admin/settings/page.js; src/lib/admin-auth/profileCardLinks.repository.js; src/components/admin/topbar/adminSearch.service.js,High,
public,coaches,license,ACTIVE_READ_WRITE,yes,yes,no,no,no,src/components/admin/coaches/services/coaches.service.js; src/app/admin/coaches/actions.js; src/app/(website)/fussball/abteilung/trainer/page.js; src/app/admin/settings/page.js; src/lib/admin-auth/profileCardLinks.repository.js; src/components/admin/topbar/adminSearch.service.js,High,
public,coaches,slug,ACTIVE_READ_WRITE,yes,yes,yes,no,no,src/components/admin/coaches/services/coaches.service.js; src/app/admin/coaches/actions.js; src/app/(website)/fussball/abteilung/trainer/page.js; src/app/admin/settings/page.js; src/lib/admin-auth/profileCardLinks.repository.js; src/components/admin/topbar/adminSearch.service.js,High,
public,coaches,role,ACTIVE_READ_WRITE,yes,yes,no,no,no,src/components/admin/coaches/services/coaches.service.js; src/app/admin/coaches/actions.js; src/app/(website)/fussball/abteilung/trainer/page.js; src/app/admin/settings/page.js; src/lib/admin-auth/profileCardLinks.repository.js; src/components/admin/topbar/adminSearch.service.js,High,
public,coaches,team_name,LEGACY_FALLBACK,yes,yes,no,no,yes,src/components/admin/coaches/services/coaches.service.js; src/app/admin/coaches/actions.js; src/app/(website)/fussball/abteilung/trainer/page.js; src/app/admin/settings/page.js; src/lib/admin-auth/profileCardLinks.repository.js; src/components/admin/topbar/adminSearch.service.js,High,Snapshot field retained for compatibility and display.
public,coaches,whatsapp,ACTIVE_READ_WRITE,yes,yes,no,no,no,src/components/admin/coaches/services/coaches.service.js; src/app/admin/coaches/actions.js; src/app/(website)/fussball/abteilung/trainer/page.js; src/app/admin/settings/page.js; src/lib/admin-auth/profileCardLinks.repository.js; src/components/admin/topbar/adminSearch.service.js,High,
public,coaches,nationality,ACTIVE_READ_WRITE,yes,yes,no,no,no,src/components/admin/coaches/services/coaches.service.js; src/app/admin/coaches/actions.js; src/app/(website)/fussball/abteilung/trainer/page.js; src/app/admin/settings/page.js; src/lib/admin-auth/profileCardLinks.repository.js; src/components/admin/topbar/adminSearch.service.js,High,
public,coaches,first_name,ACTIVE_READ_WRITE,yes,yes,no,no,no,src/components/admin/coaches/services/coaches.service.js; src/app/admin/coaches/actions.js; src/app/(website)/fussball/abteilung/trainer/page.js; src/app/admin/settings/page.js; src/lib/admin-auth/profileCardLinks.repository.js; src/components/admin/topbar/adminSearch.service.js,High,
public,coaches,last_name,ACTIVE_READ_WRITE,yes,yes,no,no,no,src/components/admin/coaches/services/coaches.service.js; src/app/admin/coaches/actions.js; src/app/(website)/fussball/abteilung/trainer/page.js; src/app/admin/settings/page.js; src/lib/admin-auth/profileCardLinks.repository.js; src/components/admin/topbar/adminSearch.service.js,High,
public,coaches,admin_profile_id,ACTIVE_READ_WRITE,yes,yes,partial,yes,no,src/components/admin/coaches/services/coaches.service.js; src/app/admin/coaches/actions.js; src/app/(website)/fussball/abteilung/trainer/page.js; src/app/admin/settings/page.js; src/lib/admin-auth/profileCardLinks.repository.js; src/components/admin/topbar/adminSearch.service.js,High,
public,departments,id,UNCLEAR,partial,no,yes,no,no,src/app/admin/department/page.js,Low,"No direct from(""departments"") access was confirmed in the inspected runtime slice."
public,departments,name_de,UNCLEAR,partial,no,no,no,no,src/app/admin/department/page.js,Low,"No direct from(""departments"") access was confirmed in the inspected runtime slice."
public,departments,name_en,UNCLEAR,partial,no,no,no,no,src/app/admin/department/page.js,Low,"No direct from(""departments"") access was confirmed in the inspected runtime slice."
public,departments,slug,UNCLEAR,partial,no,yes,no,no,src/app/admin/department/page.js,Low,"No direct from(""departments"") access was confirmed in the inspected runtime slice."
public,departments,is_active,UNCLEAR,partial,no,yes,no,no,src/app/admin/department/page.js,Low,"No direct from(""departments"") access was confirmed in the inspected runtime slice."
public,departments,sort_order,UNCLEAR,partial,no,yes,no,no,src/app/admin/department/page.js,Low,"No direct from(""departments"") access was confirmed in the inspected runtime slice."
public,departments,created_at,UNCLEAR,partial,no,no,no,no,src/app/admin/department/page.js,Low,"No direct from(""departments"") access was confirmed in the inspected runtime slice."
public,event_documents,id,ACTIVE_READ_WRITE,yes,yes,yes,no,no,src/components/admin/events/services/events.service.js; src/app/(website)/termine/[slug]/page.js,High,
public,event_documents,event_id,ACTIVE_READ_WRITE,yes,yes,yes,yes,no,src/components/admin/events/services/events.service.js; src/app/(website)/termine/[slug]/page.js,High,
public,event_documents,display_name_de,ACTIVE_READ_WRITE,yes,yes,no,no,no,src/components/admin/events/services/events.service.js; src/app/(website)/termine/[slug]/page.js,High,
public,event_documents,display_name_en,ACTIVE_READ_WRITE,yes,yes,no,no,no,src/components/admin/events/services/events.service.js; src/app/(website)/termine/[slug]/page.js,High,
public,event_documents,description_de,ACTIVE_READ_WRITE,yes,yes,no,no,no,src/components/admin/events/services/events.service.js; src/app/(website)/termine/[slug]/page.js,High,
public,event_documents,description_en,ACTIVE_READ_WRITE,yes,yes,no,no,no,src/components/admin/events/services/events.service.js; src/app/(website)/termine/[slug]/page.js,High,
public,event_documents,file_name,ACTIVE_READ_WRITE,yes,yes,no,no,no,src/components/admin/events/services/events.service.js; src/app/(website)/termine/[slug]/page.js,High,
public,event_documents,file_path,ACTIVE_READ_WRITE,yes,yes,no,no,no,src/components/admin/events/services/events.service.js; src/app/(website)/termine/[slug]/page.js,High,
public,event_documents,file_url,ACTIVE_READ_WRITE,yes,yes,no,no,no,src/components/admin/events/services/events.service.js; src/app/(website)/termine/[slug]/page.js,High,
public,event_documents,mime_type,ACTIVE_READ_WRITE,yes,yes,no,no,no,src/components/admin/events/services/events.service.js; src/app/(website)/termine/[slug]/page.js,High,
public,event_documents,file_size,ACTIVE_READ_WRITE,yes,yes,no,no,no,src/components/admin/events/services/events.service.js; src/app/(website)/termine/[slug]/page.js,High,
public,event_documents,sort_order,ACTIVE_READ_WRITE,yes,yes,yes,no,no,src/components/admin/events/services/events.service.js; src/app/(website)/termine/[slug]/page.js,High,
public,event_documents,is_public,ACTIVE_READ_WRITE,yes,yes,no,no,no,src/components/admin/events/services/events.service.js; src/app/(website)/termine/[slug]/page.js,High,
public,event_documents,created_at,ACTIVE_READ_WRITE,yes,yes,no,no,no,src/components/admin/events/services/events.service.js; src/app/(website)/termine/[slug]/page.js,High,
public,event_documents,updated_at,ACTIVE_READ_WRITE,yes,yes,no,no,no,src/components/admin/events/services/events.service.js; src/app/(website)/termine/[slug]/page.js,High,
public,events,id,ACTIVE_READ_WRITE,yes,yes,yes,no,no,src/components/admin/events/services/events.service.js; src/app/admin/events/page.js; src/app/(website)/termine/[slug]/page.js,High,
public,events,title_de,ACTIVE_READ_WRITE,yes,yes,no,no,no,src/components/admin/events/services/events.service.js; src/app/admin/events/page.js; src/app/(website)/termine/[slug]/page.js,High,
public,events,title_en,ACTIVE_READ_WRITE,yes,yes,no,no,no,src/components/admin/events/services/events.service.js; src/app/admin/events/page.js; src/app/(website)/termine/[slug]/page.js,High,
public,events,teaser_de,ACTIVE_READ_WRITE,yes,yes,no,no,no,src/components/admin/events/services/events.service.js; src/app/admin/events/page.js; src/app/(website)/termine/[slug]/page.js,High,
public,events,teaser_en,ACTIVE_READ_WRITE,yes,yes,no,no,no,src/components/admin/events/services/events.service.js; src/app/admin/events/page.js; src/app/(website)/termine/[slug]/page.js,High,
public,events,description_de,ACTIVE_READ_WRITE,yes,yes,no,no,no,src/components/admin/events/services/events.service.js; src/app/admin/events/page.js; src/app/(website)/termine/[slug]/page.js,High,
public,events,description_en,ACTIVE_READ_WRITE,yes,yes,no,no,no,src/components/admin/events/services/events.service.js; src/app/admin/events/page.js; src/app/(website)/termine/[slug]/page.js,High,
public,events,event_type,ACTIVE_READ_WRITE,yes,yes,no,no,no,src/components/admin/events/services/events.service.js; src/app/admin/events/page.js; src/app/(website)/termine/[slug]/page.js,High,
public,events,is_all_day,ACTIVE_READ_WRITE,yes,yes,no,no,no,src/components/admin/events/services/events.service.js; src/app/admin/events/page.js; src/app/(website)/termine/[slug]/page.js,High,
public,events,starts_at,ACTIVE_READ_WRITE,yes,yes,yes,no,no,src/components/admin/events/services/events.service.js; src/app/admin/events/page.js; src/app/(website)/termine/[slug]/page.js,High,
public,events,ends_at,ACTIVE_READ_WRITE,yes,yes,yes,no,no,src/components/admin/events/services/events.service.js; src/app/admin/events/page.js; src/app/(website)/termine/[slug]/page.js,High,
public,events,location_name,ACTIVE_READ_WRITE,yes,yes,no,no,no,src/components/admin/events/services/events.service.js; src/app/admin/events/page.js; src/app/(website)/termine/[slug]/page.js,High,
public,events,location_address,ACTIVE_READ_WRITE,yes,yes,no,no,no,src/components/admin/events/services/events.service.js; src/app/admin/events/page.js; src/app/(website)/termine/[slug]/page.js,High,
public,events,location_city,ACTIVE_READ_WRITE,yes,yes,no,no,no,src/components/admin/events/services/events.service.js; src/app/admin/events/page.js; src/app/(website)/termine/[slug]/page.js,High,
public,events,team_id,ACTIVE_READ_WRITE,yes,yes,yes,yes,no,src/components/admin/events/services/events.service.js; src/app/admin/events/page.js; src/app/(website)/termine/[slug]/page.js,High,
public,events,external_url,ACTIVE_READ_WRITE,yes,yes,no,no,no,src/components/admin/events/services/events.service.js; src/app/admin/events/page.js; src/app/(website)/termine/[slug]/page.js,High,
public,events,image_url,ACTIVE_READ_WRITE,yes,yes,no,no,no,src/components/admin/events/services/events.service.js; src/app/admin/events/page.js; src/app/(website)/termine/[slug]/page.js,High,
public,events,is_published,ACTIVE_READ_WRITE,yes,yes,yes,no,no,src/components/admin/events/services/events.service.js; src/app/admin/events/page.js; src/app/(website)/termine/[slug]/page.js,High,
public,events,is_featured,ACTIVE_READ_WRITE,yes,yes,no,no,no,src/components/admin/events/services/events.service.js; src/app/admin/events/page.js; src/app/(website)/termine/[slug]/page.js,High,
public,events,sort_order,ACTIVE_READ_WRITE,yes,yes,yes,no,no,src/components/admin/events/services/events.service.js; src/app/admin/events/page.js; src/app/(website)/termine/[slug]/page.js,High,
public,events,created_at,ACTIVE_READ_WRITE,yes,yes,no,no,no,src/components/admin/events/services/events.service.js; src/app/admin/events/page.js; src/app/(website)/termine/[slug]/page.js,High,
public,events,updated_at,ACTIVE_READ_WRITE,yes,yes,no,no,no,src/components/admin/events/services/events.service.js; src/app/admin/events/page.js; src/app/(website)/termine/[slug]/page.js,High,
public,events,slug,ACTIVE_READ_WRITE,yes,yes,yes,no,no,src/components/admin/events/services/events.service.js; src/app/admin/events/page.js; src/app/(website)/termine/[slug]/page.js,High,
public,events,recurrence_type,ACTIVE_READ_WRITE,yes,yes,no,no,no,src/components/admin/events/services/events.service.js; src/app/admin/events/page.js; src/app/(website)/termine/[slug]/page.js,High,
public,events,recurrence_interval,ACTIVE_READ_WRITE,yes,yes,no,no,no,src/components/admin/events/services/events.service.js; src/app/admin/events/page.js; src/app/(website)/termine/[slug]/page.js,High,
public,events,recurrence_until,ACTIVE_READ_WRITE,yes,yes,no,no,no,src/components/admin/events/services/events.service.js; src/app/admin/events/page.js; src/app/(website)/termine/[slug]/page.js,High,
public,events,recurrence_count,ACTIVE_READ_WRITE,yes,yes,no,no,no,src/components/admin/events/services/events.service.js; src/app/admin/events/page.js; src/app/(website)/termine/[slug]/page.js,High,
public,membership_request_recipients,id,ACTIVE_READ_WRITE,yes,yes,yes,no,no,src/components/admin/settings/settings.service.js; src/app/admin/settings/page.js; src/components/admin/settings/components/MembershipRecipientForm.js,High,
public,membership_request_recipients,email,ACTIVE_READ_WRITE,yes,yes,no,no,no,src/components/admin/settings/settings.service.js; src/app/admin/settings/page.js; src/components/admin/settings/components/MembershipRecipientForm.js,High,
public,membership_request_recipients,label,ACTIVE_READ_WRITE,yes,yes,no,no,no,src/components/admin/settings/settings.service.js; src/app/admin/settings/page.js; src/components/admin/settings/components/MembershipRecipientForm.js,High,
public,membership_request_recipients,request_type,ACTIVE_READ_WRITE,yes,yes,no,no,no,src/components/admin/settings/settings.service.js; src/app/admin/settings/page.js; src/components/admin/settings/components/MembershipRecipientForm.js,High,
public,membership_request_recipients,is_active,ACTIVE_READ_WRITE,yes,yes,yes,no,no,src/components/admin/settings/settings.service.js; src/app/admin/settings/page.js; src/components/admin/settings/components/MembershipRecipientForm.js,High,
public,membership_request_recipients,sort_order,ACTIVE_READ_WRITE,yes,yes,yes,no,no,src/components/admin/settings/settings.service.js; src/app/admin/settings/page.js; src/components/admin/settings/components/MembershipRecipientForm.js,High,
public,membership_request_recipients,created_at,ACTIVE_READ_WRITE,yes,yes,no,no,no,src/components/admin/settings/settings.service.js; src/app/admin/settings/page.js; src/components/admin/settings/components/MembershipRecipientForm.js,High,
public,membership_request_recipients,updated_at,ACTIVE_READ_WRITE,yes,yes,no,no,no,src/components/admin/settings/settings.service.js; src/app/admin/settings/page.js; src/components/admin/settings/components/MembershipRecipientForm.js,High,
public,membership_requests,id,ACTIVE_READ_WRITE,yes,yes,yes,no,no,src/lib/membership/membership.repository.js; src/app/admin/settings/page.js; src/app/admin/page.js; src/components/admin/settings/components/MembershipRequestDetail.js; src/components/admin/delete/removeActions.js,High,
public,membership_requests,first_name,ACTIVE_READ_WRITE,yes,yes,no,no,no,src/lib/membership/membership.repository.js; src/app/admin/settings/page.js; src/app/admin/page.js; src/components/admin/settings/components/MembershipRequestDetail.js; src/components/admin/delete/removeActions.js,High,
public,membership_requests,last_name,ACTIVE_READ_WRITE,yes,yes,no,no,no,src/lib/membership/membership.repository.js; src/app/admin/settings/page.js; src/app/admin/page.js; src/components/admin/settings/components/MembershipRequestDetail.js; src/components/admin/delete/removeActions.js,High,
public,membership_requests,phone,ACTIVE_READ_WRITE,yes,yes,no,no,no,src/lib/membership/membership.repository.js; src/app/admin/settings/page.js; src/app/admin/page.js; src/components/admin/settings/components/MembershipRequestDetail.js; src/components/admin/delete/removeActions.js,High,
public,membership_requests,birthdate,ACTIVE_READ_WRITE,yes,yes,no,no,no,src/lib/membership/membership.repository.js; src/app/admin/settings/page.js; src/app/admin/page.js; src/components/admin/settings/components/MembershipRequestDetail.js; src/components/admin/delete/removeActions.js,High,
public,membership_requests,email,ACTIVE_READ_WRITE,yes,yes,no,no,no,src/lib/membership/membership.repository.js; src/app/admin/settings/page.js; src/app/admin/page.js; src/components/admin/settings/components/MembershipRequestDetail.js; src/components/admin/delete/removeActions.js,High,
public,membership_requests,request_type,ACTIVE_READ_WRITE,yes,yes,no,no,no,src/lib/membership/membership.repository.js; src/app/admin/settings/page.js; src/app/admin/page.js; src/components/admin/settings/components/MembershipRequestDetail.js; src/components/admin/delete/removeActions.js,High,
public,membership_requests,year_group,ACTIVE_READ_WRITE,yes,yes,no,no,no,src/lib/membership/membership.repository.js; src/app/admin/settings/page.js; src/app/admin/page.js; src/components/admin/settings/components/MembershipRequestDetail.js; src/components/admin/delete/removeActions.js,High,
public,membership_requests,desired_team_id,ACTIVE_READ_WRITE,yes,yes,partial,yes,no,src/lib/membership/membership.repository.js; src/app/admin/settings/page.js; src/app/admin/page.js; src/components/admin/settings/components/MembershipRequestDetail.js; src/components/admin/delete/removeActions.js,High,
public,membership_requests,message,ACTIVE_READ_WRITE,yes,yes,no,no,no,src/lib/membership/membership.repository.js; src/app/admin/settings/page.js; src/app/admin/page.js; src/components/admin/settings/components/MembershipRequestDetail.js; src/components/admin/delete/removeActions.js,High,
public,membership_requests,status,ACTIVE_READ_WRITE,yes,yes,no,no,no,src/lib/membership/membership.repository.js; src/app/admin/settings/page.js; src/app/admin/page.js; src/components/admin/settings/components/MembershipRequestDetail.js; src/components/admin/delete/removeActions.js,High,
public,membership_requests,created_at,ACTIVE_READ_WRITE,yes,yes,no,no,no,src/lib/membership/membership.repository.js; src/app/admin/settings/page.js; src/app/admin/page.js; src/components/admin/settings/components/MembershipRequestDetail.js; src/components/admin/delete/removeActions.js,High,
public,membership_requests,processed_at,ACTIVE_READ_WRITE,yes,yes,no,no,no,src/lib/membership/membership.repository.js; src/app/admin/settings/page.js; src/app/admin/page.js; src/components/admin/settings/components/MembershipRequestDetail.js; src/components/admin/delete/removeActions.js,High,
public,membership_requests,processed_by,UNCLEAR,no,no,no,no,yes,src/lib/membership/membership.repository.js; src/app/admin/settings/page.js; src/app/admin/page.js; src/components/admin/settings/components/MembershipRequestDetail.js; src/components/admin/delete/removeActions.js,Low,Workflow snapshot field; live runtime slice did not show a dedicated handler.
public,membership_requests,mail_sent_at,ACTIVE_READ_WRITE,yes,yes,no,no,no,src/lib/membership/membership.repository.js; src/app/admin/settings/page.js; src/app/admin/page.js; src/components/admin/settings/components/MembershipRequestDetail.js; src/components/admin/delete/removeActions.js,High,
public,membership_requests,internal_note,ACTIVE_READ_WRITE,yes,yes,no,no,no,src/lib/membership/membership.repository.js; src/app/admin/settings/page.js; src/app/admin/page.js; src/components/admin/settings/components/MembershipRequestDetail.js; src/components/admin/delete/removeActions.js,High,
public,membership_requests,forwarded_to_type,UNCLEAR,no,no,no,no,yes,src/lib/membership/membership.repository.js; src/app/admin/settings/page.js; src/app/admin/page.js; src/components/admin/settings/components/MembershipRequestDetail.js; src/components/admin/delete/removeActions.js,Low,Workflow snapshot field; live runtime slice did not show a dedicated handler.
public,membership_requests,forwarded_to_id,UNCLEAR,no,no,no,no,yes,src/lib/membership/membership.repository.js; src/app/admin/settings/page.js; src/app/admin/page.js; src/components/admin/settings/components/MembershipRequestDetail.js; src/components/admin/delete/removeActions.js,Low,Workflow snapshot field; live runtime slice did not show a dedicated handler.
public,membership_requests,forwarded_to_name,UNCLEAR,no,no,no,no,yes,src/lib/membership/membership.repository.js; src/app/admin/settings/page.js; src/app/admin/page.js; src/components/admin/settings/components/MembershipRequestDetail.js; src/components/admin/delete/removeActions.js,Low,Workflow snapshot field; live runtime slice did not show a dedicated handler.
public,membership_requests,forwarded_to_email,UNCLEAR,no,no,no,no,yes,src/lib/membership/membership.repository.js; src/app/admin/settings/page.js; src/app/admin/page.js; src/components/admin/settings/components/MembershipRequestDetail.js; src/components/admin/delete/removeActions.js,Low,Workflow snapshot field; live runtime slice did not show a dedicated handler.
public,membership_requests,forwarded_at,ACTIVE_READ_WRITE,yes,yes,no,no,no,src/lib/membership/membership.repository.js; src/app/admin/settings/page.js; src/app/admin/page.js; src/components/admin/settings/components/MembershipRequestDetail.js; src/components/admin/delete/removeActions.js,High,
public,membership_requests,forwarded_note,ACTIVE_READ_WRITE,yes,yes,no,no,no,src/lib/membership/membership.repository.js; src/app/admin/settings/page.js; src/app/admin/page.js; src/components/admin/settings/components/MembershipRequestDetail.js; src/components/admin/delete/removeActions.js,High,
public,news,id,ACTIVE_READ_WRITE,yes,yes,yes,no,no,src/components/admin/news/services/news.service.js; src/app/admin/news/page.js; src/app/(website)/news/page.js; src/app/(website)/news/[slug]/page.js; src/components/admin/delete/removeActions.js,High,
public,news,title_de,ACTIVE_READ_WRITE,yes,yes,no,no,no,src/components/admin/news/services/news.service.js; src/app/admin/news/page.js; src/app/(website)/news/page.js; src/app/(website)/news/[slug]/page.js; src/components/admin/delete/removeActions.js,High,
public,news,title_en,ACTIVE_READ_WRITE,yes,yes,no,no,no,src/components/admin/news/services/news.service.js; src/app/admin/news/page.js; src/app/(website)/news/page.js; src/app/(website)/news/[slug]/page.js; src/components/admin/delete/removeActions.js,High,
public,news,slug,ACTIVE_READ_WRITE,yes,yes,yes,no,no,src/components/admin/news/services/news.service.js; src/app/admin/news/page.js; src/app/(website)/news/page.js; src/app/(website)/news/[slug]/page.js; src/components/admin/delete/removeActions.js,High,
public,news,teaser_de,ACTIVE_READ_WRITE,yes,yes,no,no,no,src/components/admin/news/services/news.service.js; src/app/admin/news/page.js; src/app/(website)/news/page.js; src/app/(website)/news/[slug]/page.js; src/components/admin/delete/removeActions.js,High,
public,news,teaser_en,ACTIVE_READ_WRITE,yes,yes,no,no,no,src/components/admin/news/services/news.service.js; src/app/admin/news/page.js; src/app/(website)/news/page.js; src/app/(website)/news/[slug]/page.js; src/components/admin/delete/removeActions.js,High,
public,news,content_de,ACTIVE_READ_WRITE,yes,yes,no,no,no,src/components/admin/news/services/news.service.js; src/app/admin/news/page.js; src/app/(website)/news/page.js; src/app/(website)/news/[slug]/page.js; src/components/admin/delete/removeActions.js,High,
public,news,content_en,ACTIVE_READ_WRITE,yes,yes,no,no,no,src/components/admin/news/services/news.service.js; src/app/admin/news/page.js; src/app/(website)/news/page.js; src/app/(website)/news/[slug]/page.js; src/components/admin/delete/removeActions.js,High,
public,news,image_url,ACTIVE_READ_WRITE,yes,yes,no,no,no,src/components/admin/news/services/news.service.js; src/app/admin/news/page.js; src/app/(website)/news/page.js; src/app/(website)/news/[slug]/page.js; src/components/admin/delete/removeActions.js,High,
public,news,is_published,ACTIVE_READ_WRITE,yes,yes,yes,no,no,src/components/admin/news/services/news.service.js; src/app/admin/news/page.js; src/app/(website)/news/page.js; src/app/(website)/news/[slug]/page.js; src/components/admin/delete/removeActions.js,High,
public,news,published_at,ACTIVE_READ_WRITE,yes,yes,yes,no,no,src/components/admin/news/services/news.service.js; src/app/admin/news/page.js; src/app/(website)/news/page.js; src/app/(website)/news/[slug]/page.js; src/components/admin/delete/removeActions.js,High,
public,news,created_at,ACTIVE_READ_WRITE,yes,yes,no,no,no,src/components/admin/news/services/news.service.js; src/app/admin/news/page.js; src/app/(website)/news/page.js; src/app/(website)/news/[slug]/page.js; src/components/admin/delete/removeActions.js,High,
public,news,author,ACTIVE_READ_WRITE,yes,yes,no,no,no,src/components/admin/news/services/news.service.js; src/app/admin/news/page.js; src/app/(website)/news/page.js; src/app/(website)/news/[slug]/page.js; src/components/admin/delete/removeActions.js,High,
public,news,category,UNCLEAR,no,no,no,no,no,src/components/admin/news/services/news.service.js; src/app/admin/news/page.js; src/app/(website)/news/page.js; src/app/(website)/news/[slug]/page.js; src/components/admin/delete/removeActions.js,Low,Not referenced in the inspected runtime slice.
public,news,scheduled_at,UNCLEAR,no,no,no,no,no,src/components/admin/news/services/news.service.js; src/app/admin/news/page.js; src/app/(website)/news/page.js; src/app/(website)/news/[slug]/page.js; src/components/admin/delete/removeActions.js,Low,Not referenced in the inspected runtime slice.
public,news,category_key,UNCLEAR,no,no,no,no,no,src/components/admin/news/services/news.service.js; src/app/admin/news/page.js; src/app/(website)/news/page.js; src/app/(website)/news/[slug]/page.js; src/components/admin/delete/removeActions.js,Low,Not referenced in the inspected runtime slice.
public,news,football_team_id,ACTIVE_READ_WRITE,yes,yes,partial,yes,no,src/components/admin/news/services/news.service.js; src/app/admin/news/page.js; src/app/(website)/news/page.js; src/app/(website)/news/[slug]/page.js; src/components/admin/delete/removeActions.js,High,
public,news_documents,id,ACTIVE_READ_WRITE,yes,yes,yes,no,no,src/components/admin/news/services/news.service.js; src/app/(website)/news/[slug]/page.js,High,
public,news_documents,news_id,ACTIVE_READ_WRITE,yes,yes,yes,yes,no,src/components/admin/news/services/news.service.js; src/app/(website)/news/[slug]/page.js,High,
public,news_documents,display_name_de,ACTIVE_READ_WRITE,yes,yes,no,no,no,src/components/admin/news/services/news.service.js; src/app/(website)/news/[slug]/page.js,High,
public,news_documents,display_name_en,ACTIVE_READ_WRITE,yes,yes,no,no,no,src/components/admin/news/services/news.service.js; src/app/(website)/news/[slug]/page.js,High,
public,news_documents,description_de,ACTIVE_READ_WRITE,yes,yes,no,no,no,src/components/admin/news/services/news.service.js; src/app/(website)/news/[slug]/page.js,High,
public,news_documents,description_en,ACTIVE_READ_WRITE,yes,yes,no,no,no,src/components/admin/news/services/news.service.js; src/app/(website)/news/[slug]/page.js,High,
public,news_documents,file_name,ACTIVE_READ_WRITE,yes,yes,no,no,no,src/components/admin/news/services/news.service.js; src/app/(website)/news/[slug]/page.js,High,
public,news_documents,file_path,ACTIVE_READ_WRITE,yes,yes,no,no,no,src/components/admin/news/services/news.service.js; src/app/(website)/news/[slug]/page.js,High,
public,news_documents,file_url,ACTIVE_READ_WRITE,yes,yes,no,no,no,src/components/admin/news/services/news.service.js; src/app/(website)/news/[slug]/page.js,High,
public,news_documents,mime_type,ACTIVE_READ_WRITE,yes,yes,no,no,no,src/components/admin/news/services/news.service.js; src/app/(website)/news/[slug]/page.js,High,
public,news_documents,file_size,ACTIVE_READ_WRITE,yes,yes,no,no,no,src/components/admin/news/services/news.service.js; src/app/(website)/news/[slug]/page.js,High,
public,news_documents,sort_order,ACTIVE_READ_WRITE,yes,yes,yes,no,no,src/components/admin/news/services/news.service.js; src/app/(website)/news/[slug]/page.js,High,
public,news_documents,is_public,ACTIVE_READ_WRITE,yes,yes,no,no,no,src/components/admin/news/services/news.service.js; src/app/(website)/news/[slug]/page.js,High,
public,news_documents,created_at,ACTIVE_READ_WRITE,yes,yes,no,no,no,src/components/admin/news/services/news.service.js; src/app/(website)/news/[slug]/page.js,High,
public,news_documents,updated_at,ACTIVE_READ_WRITE,yes,yes,no,no,no,src/components/admin/news/services/news.service.js; src/app/(website)/news/[slug]/page.js,High,
public,pages,id,ACTIVE_READ_WRITE,yes,yes,yes,no,no,src/components/admin/settings/settings.service.js; src/app/admin/settings/page.js; src/components/Footer.js; src/app/(website)/impressum/page.js; src/app/(website)/datenschutz/page.js,High,
public,pages,slug,ACTIVE_READ_WRITE,yes,yes,yes,no,no,src/components/admin/settings/settings.service.js; src/app/admin/settings/page.js; src/components/Footer.js; src/app/(website)/impressum/page.js; src/app/(website)/datenschutz/page.js,High,
public,pages,title_de,ACTIVE_READ_WRITE,yes,yes,no,no,no,src/components/admin/settings/settings.service.js; src/app/admin/settings/page.js; src/components/Footer.js; src/app/(website)/impressum/page.js; src/app/(website)/datenschutz/page.js,High,
public,pages,title_en,ACTIVE_READ_WRITE,yes,yes,no,no,no,src/components/admin/settings/settings.service.js; src/app/admin/settings/page.js; src/components/Footer.js; src/app/(website)/impressum/page.js; src/app/(website)/datenschutz/page.js,High,
public,pages,content_de,ACTIVE_READ_WRITE,yes,yes,no,no,no,src/components/admin/settings/settings.service.js; src/app/admin/settings/page.js; src/components/Footer.js; src/app/(website)/impressum/page.js; src/app/(website)/datenschutz/page.js,High,
public,pages,content_en,ACTIVE_READ_WRITE,yes,yes,no,no,no,src/components/admin/settings/settings.service.js; src/app/admin/settings/page.js; src/components/Footer.js; src/app/(website)/impressum/page.js; src/app/(website)/datenschutz/page.js,High,
public,pages,is_published,ACTIVE_READ_WRITE,yes,yes,yes,no,no,src/components/admin/settings/settings.service.js; src/app/admin/settings/page.js; src/components/Footer.js; src/app/(website)/impressum/page.js; src/app/(website)/datenschutz/page.js,High,
public,pages,show_in_footer,ACTIVE_READ_WRITE,yes,yes,no,no,no,src/components/admin/settings/settings.service.js; src/app/admin/settings/page.js; src/components/Footer.js; src/app/(website)/impressum/page.js; src/app/(website)/datenschutz/page.js,High,
public,pages,sort_order,ACTIVE_READ_WRITE,yes,yes,yes,no,no,src/components/admin/settings/settings.service.js; src/app/admin/settings/page.js; src/components/Footer.js; src/app/(website)/impressum/page.js; src/app/(website)/datenschutz/page.js,High,
public,pages,created_at,ACTIVE_READ_WRITE,yes,yes,no,no,no,src/components/admin/settings/settings.service.js; src/app/admin/settings/page.js; src/components/Footer.js; src/app/(website)/impressum/page.js; src/app/(website)/datenschutz/page.js,High,
public,pages,updated_at,ACTIVE_READ_WRITE,yes,yes,no,no,no,src/components/admin/settings/settings.service.js; src/app/admin/settings/page.js; src/components/Footer.js; src/app/(website)/impressum/page.js; src/app/(website)/datenschutz/page.js,High,
public,player_team_seasons,id,ACTIVE_READ_WRITE,yes,yes,yes,no,no,src/components/admin/teams/services/teams.service.js; src/app/admin/teams/actions.js; src/components/admin/persons/personTeamRepository.js; src/lib/admin-auth/scopes/scopeRepository.js,High,
public,player_team_seasons,player_id,ACTIVE_READ_WRITE,yes,yes,yes,yes,no,src/components/admin/teams/services/teams.service.js; src/app/admin/teams/actions.js; src/components/admin/persons/personTeamRepository.js; src/lib/admin-auth/scopes/scopeRepository.js,High,
public,player_team_seasons,team_season_id,ACTIVE_READ_WRITE,yes,yes,yes,yes,no,src/components/admin/teams/services/teams.service.js; src/app/admin/teams/actions.js; src/components/admin/persons/personTeamRepository.js; src/lib/admin-auth/scopes/scopeRepository.js,High,
public,player_team_seasons,shirt_number,ACTIVE_READ_WRITE,yes,yes,no,no,no,src/components/admin/teams/services/teams.service.js; src/app/admin/teams/actions.js; src/components/admin/persons/personTeamRepository.js; src/lib/admin-auth/scopes/scopeRepository.js,High,
public,player_team_seasons,position_de,ACTIVE_READ_WRITE,yes,yes,no,no,no,src/components/admin/teams/services/teams.service.js; src/app/admin/teams/actions.js; src/components/admin/persons/personTeamRepository.js; src/lib/admin-auth/scopes/scopeRepository.js,High,
public,player_team_seasons,position_en,ACTIVE_READ_WRITE,yes,yes,no,no,no,src/components/admin/teams/services/teams.service.js; src/app/admin/teams/actions.js; src/components/admin/persons/personTeamRepository.js; src/lib/admin-auth/scopes/scopeRepository.js,High,
public,player_team_seasons,is_captain,ACTIVE_READ_WRITE,yes,yes,no,no,no,src/components/admin/teams/services/teams.service.js; src/app/admin/teams/actions.js; src/components/admin/persons/personTeamRepository.js; src/lib/admin-auth/scopes/scopeRepository.js,High,
public,player_team_seasons,is_active,ACTIVE_READ_WRITE,yes,yes,yes,no,no,src/components/admin/teams/services/teams.service.js; src/app/admin/teams/actions.js; src/components/admin/persons/personTeamRepository.js; src/lib/admin-auth/scopes/scopeRepository.js,High,
public,player_team_seasons,sort_order,ACTIVE_READ_WRITE,yes,yes,yes,no,no,src/components/admin/teams/services/teams.service.js; src/app/admin/teams/actions.js; src/components/admin/persons/personTeamRepository.js; src/lib/admin-auth/scopes/scopeRepository.js,High,
public,player_team_seasons,created_at,ACTIVE_READ_WRITE,yes,yes,no,no,no,src/components/admin/teams/services/teams.service.js; src/app/admin/teams/actions.js; src/components/admin/persons/personTeamRepository.js; src/lib/admin-auth/scopes/scopeRepository.js,High,
public,players,id,ACTIVE_READ_WRITE,yes,yes,yes,no,no,src/components/admin/players/services/players.service.js; src/app/admin/players/actions.js; src/components/admin/persons/personTeamRepository.js; src/components/admin/topbar/adminSearch.service.js,High,
public,players,team_id,LEGACY_FALLBACK,yes,yes,yes,yes,yes,src/components/admin/players/services/players.service.js; src/app/admin/players/actions.js; src/components/admin/persons/personTeamRepository.js; src/components/admin/topbar/adminSearch.service.js,High,Direct team assignment kept as fallback beside player_team_seasons.
public,players,first_name,ACTIVE_READ_WRITE,yes,yes,no,no,no,src/components/admin/players/services/players.service.js; src/app/admin/players/actions.js; src/components/admin/persons/personTeamRepository.js; src/components/admin/topbar/adminSearch.service.js,High,
public,players,last_name,ACTIVE_READ_WRITE,yes,yes,no,no,no,src/components/admin/players/services/players.service.js; src/app/admin/players/actions.js; src/components/admin/persons/personTeamRepository.js; src/components/admin/topbar/adminSearch.service.js,High,
public,players,shirt_number,ACTIVE_READ_WRITE,yes,yes,no,no,no,src/components/admin/players/services/players.service.js; src/app/admin/players/actions.js; src/components/admin/persons/personTeamRepository.js; src/components/admin/topbar/adminSearch.service.js,High,
public,players,position_de,ACTIVE_READ_WRITE,yes,yes,no,no,no,src/components/admin/players/services/players.service.js; src/app/admin/players/actions.js; src/components/admin/persons/personTeamRepository.js; src/components/admin/topbar/adminSearch.service.js,High,
public,players,position_en,ACTIVE_READ_WRITE,yes,yes,no,no,no,src/components/admin/players/services/players.service.js; src/app/admin/players/actions.js; src/components/admin/persons/personTeamRepository.js; src/components/admin/topbar/adminSearch.service.js,High,
public,players,image_url,ACTIVE_READ_WRITE,yes,yes,no,no,no,src/components/admin/players/services/players.service.js; src/app/admin/players/actions.js; src/components/admin/persons/personTeamRepository.js; src/components/admin/topbar/adminSearch.service.js,High,
public,players,is_active,ACTIVE_READ_WRITE,yes,yes,yes,no,no,src/components/admin/players/services/players.service.js; src/app/admin/players/actions.js; src/components/admin/persons/personTeamRepository.js; src/components/admin/topbar/adminSearch.service.js,High,
public,players,sort_order,ACTIVE_READ_WRITE,yes,yes,yes,no,no,src/components/admin/players/services/players.service.js; src/app/admin/players/actions.js; src/components/admin/persons/personTeamRepository.js; src/components/admin/topbar/adminSearch.service.js,High,
public,players,created_at,ACTIVE_READ_WRITE,yes,yes,no,no,no,src/components/admin/players/services/players.service.js; src/app/admin/players/actions.js; src/components/admin/persons/personTeamRepository.js; src/components/admin/topbar/adminSearch.service.js,High,
public,players,photo_url,LEGACY_FALLBACK,yes,yes,no,no,yes,src/components/admin/players/services/players.service.js; src/app/admin/players/actions.js; src/components/admin/persons/personTeamRepository.js; src/components/admin/topbar/adminSearch.service.js,High,Mirrored with image_url for compatibility.
public,players,description_de,ACTIVE_READ_WRITE,yes,yes,no,no,no,src/components/admin/players/services/players.service.js; src/app/admin/players/actions.js; src/components/admin/persons/personTeamRepository.js; src/components/admin/topbar/adminSearch.service.js,High,
public,players,description_en,ACTIVE_READ_WRITE,yes,yes,no,no,no,src/components/admin/players/services/players.service.js; src/app/admin/players/actions.js; src/components/admin/persons/personTeamRepository.js; src/components/admin/topbar/adminSearch.service.js,High,
public,players,birthdate,ACTIVE_READ_WRITE,yes,yes,no,no,no,src/components/admin/players/services/players.service.js; src/app/admin/players/actions.js; src/components/admin/persons/personTeamRepository.js; src/components/admin/topbar/adminSearch.service.js,High,
public,players,year_group,ACTIVE_READ_WRITE,yes,yes,no,no,no,src/components/admin/players/services/players.service.js; src/app/admin/players/actions.js; src/components/admin/persons/personTeamRepository.js; src/components/admin/topbar/adminSearch.service.js,High,
public,players,strong_foot,ACTIVE_READ_WRITE,yes,yes,no,no,no,src/components/admin/players/services/players.service.js; src/app/admin/players/actions.js; src/components/admin/persons/personTeamRepository.js; src/components/admin/topbar/adminSearch.service.js,High,
public,players,nationality,ACTIVE_READ_WRITE,yes,yes,no,no,no,src/components/admin/players/services/players.service.js; src/app/admin/players/actions.js; src/components/admin/persons/personTeamRepository.js; src/components/admin/topbar/adminSearch.service.js,High,
public,players,is_captain,ACTIVE_READ_WRITE,yes,yes,no,no,no,src/components/admin/players/services/players.service.js; src/app/admin/players/actions.js; src/components/admin/persons/personTeamRepository.js; src/components/admin/topbar/adminSearch.service.js,High,
public,players,jersey_number,ACTIVE_READ_WRITE,yes,yes,no,no,no,src/components/admin/players/services/players.service.js; src/app/admin/players/actions.js; src/components/admin/persons/personTeamRepository.js; src/components/admin/topbar/adminSearch.service.js,High,
public,players,position,ACTIVE_READ_WRITE,yes,yes,no,no,no,src/components/admin/players/services/players.service.js; src/app/admin/players/actions.js; src/components/admin/persons/personTeamRepository.js; src/components/admin/topbar/adminSearch.service.js,High,
public,players,name_de,ACTIVE_READ_WRITE,yes,yes,no,no,no,src/components/admin/players/services/players.service.js; src/app/admin/players/actions.js; src/components/admin/persons/personTeamRepository.js; src/components/admin/topbar/adminSearch.service.js,High,
public,players,name_en,ACTIVE_READ_WRITE,yes,yes,no,no,no,src/components/admin/players/services/players.service.js; src/app/admin/players/actions.js; src/components/admin/persons/personTeamRepository.js; src/components/admin/topbar/adminSearch.service.js,High,
public,players,gender,ACTIVE_READ_WRITE,yes,yes,no,no,no,src/components/admin/players/services/players.service.js; src/app/admin/players/actions.js; src/components/admin/persons/personTeamRepository.js; src/components/admin/topbar/adminSearch.service.js,High,
public,players,joined_at,ACTIVE_READ_WRITE,yes,yes,no,no,no,src/components/admin/players/services/players.service.js; src/app/admin/players/actions.js; src/components/admin/persons/personTeamRepository.js; src/components/admin/topbar/adminSearch.service.js,High,
public,seasons,id,ACTIVE_READ_WRITE,yes,yes,yes,no,no,src/components/admin/teams/services/teams.service.js; src/lib/admin-auth/scopes/scopeRepository.js; src/lib/events/eventLoader.js,High,
public,seasons,name,ACTIVE_READ_WRITE,yes,yes,no,no,no,src/components/admin/teams/services/teams.service.js; src/lib/admin-auth/scopes/scopeRepository.js; src/lib/events/eventLoader.js,High,
public,seasons,slug,ACTIVE_READ_WRITE,yes,yes,yes,no,no,src/components/admin/teams/services/teams.service.js; src/lib/admin-auth/scopes/scopeRepository.js; src/lib/events/eventLoader.js,High,
public,seasons,is_current,ACTIVE_READ_WRITE,yes,yes,no,no,no,src/components/admin/teams/services/teams.service.js; src/lib/admin-auth/scopes/scopeRepository.js; src/lib/events/eventLoader.js,High,
public,seasons,is_active,ACTIVE_READ_WRITE,yes,yes,yes,no,no,src/components/admin/teams/services/teams.service.js; src/lib/admin-auth/scopes/scopeRepository.js; src/lib/events/eventLoader.js,High,
public,seasons,sort_order,ACTIVE_READ_WRITE,yes,yes,yes,no,no,src/components/admin/teams/services/teams.service.js; src/lib/admin-auth/scopes/scopeRepository.js; src/lib/events/eventLoader.js,High,
public,seasons,created_at,ACTIVE_READ_WRITE,yes,yes,no,no,no,src/components/admin/teams/services/teams.service.js; src/lib/admin-auth/scopes/scopeRepository.js; src/lib/events/eventLoader.js,High,
public,sponsor_categories,id,ACTIVE_READ_ONLY,yes,no,yes,no,no,src/app/(website)/fussball/sponsoren/page.js; src/app/admin/sponsors/page.js; src/components/admin/sponsors/services/sponsors.service.js,High,
public,sponsor_categories,name_de,ACTIVE_READ_ONLY,yes,no,no,no,no,src/app/(website)/fussball/sponsoren/page.js; src/app/admin/sponsors/page.js; src/components/admin/sponsors/services/sponsors.service.js,High,
public,sponsor_categories,name_en,ACTIVE_READ_ONLY,yes,no,no,no,no,src/app/(website)/fussball/sponsoren/page.js; src/app/admin/sponsors/page.js; src/components/admin/sponsors/services/sponsors.service.js,High,
public,sponsor_categories,slug,ACTIVE_READ_ONLY,yes,no,yes,no,no,src/app/(website)/fussball/sponsoren/page.js; src/app/admin/sponsors/page.js; src/components/admin/sponsors/services/sponsors.service.js,High,
public,sponsor_categories,is_active,ACTIVE_READ_ONLY,yes,no,yes,no,no,src/app/(website)/fussball/sponsoren/page.js; src/app/admin/sponsors/page.js; src/components/admin/sponsors/services/sponsors.service.js,High,
public,sponsor_categories,sort_order,ACTIVE_READ_ONLY,yes,no,yes,no,no,src/app/(website)/fussball/sponsoren/page.js; src/app/admin/sponsors/page.js; src/components/admin/sponsors/services/sponsors.service.js,High,
public,sponsor_categories,created_at,ACTIVE_READ_ONLY,yes,no,no,no,no,src/app/(website)/fussball/sponsoren/page.js; src/app/admin/sponsors/page.js; src/components/admin/sponsors/services/sponsors.service.js,High,
public,sponsors,id,ACTIVE_READ_WRITE,yes,yes,yes,no,no,src/components/admin/sponsors/services/sponsors.service.js; src/app/admin/sponsors/page.js; src/app/(website)/fussball/sponsoren/page.js; src/components/admin/delete/removeActions.js; src/components/admin/topbar/adminSearch.service.js,High,
public,sponsors,category_id,ACTIVE_READ_WRITE,yes,yes,yes,yes,no,src/components/admin/sponsors/services/sponsors.service.js; src/app/admin/sponsors/page.js; src/app/(website)/fussball/sponsoren/page.js; src/components/admin/delete/removeActions.js; src/components/admin/topbar/adminSearch.service.js,High,
public,sponsors,name,ACTIVE_READ_WRITE,yes,yes,no,no,no,src/components/admin/sponsors/services/sponsors.service.js; src/app/admin/sponsors/page.js; src/app/(website)/fussball/sponsoren/page.js; src/components/admin/delete/removeActions.js; src/components/admin/topbar/adminSearch.service.js,High,
public,sponsors,description_de,ACTIVE_READ_WRITE,yes,yes,no,no,no,src/components/admin/sponsors/services/sponsors.service.js; src/app/admin/sponsors/page.js; src/app/(website)/fussball/sponsoren/page.js; src/components/admin/delete/removeActions.js; src/components/admin/topbar/adminSearch.service.js,High,
public,sponsors,description_en,ACTIVE_READ_WRITE,yes,yes,no,no,no,src/components/admin/sponsors/services/sponsors.service.js; src/app/admin/sponsors/page.js; src/app/(website)/fussball/sponsoren/page.js; src/components/admin/delete/removeActions.js; src/components/admin/topbar/adminSearch.service.js,High,
public,sponsors,image_url,ACTIVE_READ_WRITE,yes,yes,no,no,no,src/components/admin/sponsors/services/sponsors.service.js; src/app/admin/sponsors/page.js; src/app/(website)/fussball/sponsoren/page.js; src/components/admin/delete/removeActions.js; src/components/admin/topbar/adminSearch.service.js,High,
public,sponsors,website_url,ACTIVE_READ_WRITE,yes,yes,no,no,no,src/components/admin/sponsors/services/sponsors.service.js; src/app/admin/sponsors/page.js; src/app/(website)/fussball/sponsoren/page.js; src/components/admin/delete/removeActions.js; src/components/admin/topbar/adminSearch.service.js,High,
public,sponsors,facebook_url,ACTIVE_READ_WRITE,yes,yes,no,no,no,src/components/admin/sponsors/services/sponsors.service.js; src/app/admin/sponsors/page.js; src/app/(website)/fussball/sponsoren/page.js; src/components/admin/delete/removeActions.js; src/components/admin/topbar/adminSearch.service.js,High,
public,sponsors,instagram_url,ACTIVE_READ_WRITE,yes,yes,no,no,no,src/components/admin/sponsors/services/sponsors.service.js; src/app/admin/sponsors/page.js; src/app/(website)/fussball/sponsoren/page.js; src/components/admin/delete/removeActions.js; src/components/admin/topbar/adminSearch.service.js,High,
public,sponsors,tiktok_url,ACTIVE_READ_WRITE,yes,yes,no,no,no,src/components/admin/sponsors/services/sponsors.service.js; src/app/admin/sponsors/page.js; src/app/(website)/fussball/sponsoren/page.js; src/components/admin/delete/removeActions.js; src/components/admin/topbar/adminSearch.service.js,High,
public,sponsors,is_active,ACTIVE_READ_WRITE,yes,yes,yes,no,no,src/components/admin/sponsors/services/sponsors.service.js; src/app/admin/sponsors/page.js; src/app/(website)/fussball/sponsoren/page.js; src/components/admin/delete/removeActions.js; src/components/admin/topbar/adminSearch.service.js,High,
public,sponsors,sort_order,ACTIVE_READ_WRITE,yes,yes,yes,no,no,src/components/admin/sponsors/services/sponsors.service.js; src/app/admin/sponsors/page.js; src/app/(website)/fussball/sponsoren/page.js; src/components/admin/delete/removeActions.js; src/components/admin/topbar/adminSearch.service.js,High,
public,sponsors,created_at,ACTIVE_READ_WRITE,yes,yes,no,no,no,src/components/admin/sponsors/services/sponsors.service.js; src/app/admin/sponsors/page.js; src/app/(website)/fussball/sponsoren/page.js; src/components/admin/delete/removeActions.js; src/components/admin/topbar/adminSearch.service.js,High,
public,team_seasons,id,ACTIVE_READ_WRITE,yes,yes,yes,no,no,src/components/admin/teams/services/teams.service.js; src/app/admin/teams/actions.js; src/lib/admin-auth/scopes/scopeRepository.js; src/lib/events/eventLoader.js,High,
public,team_seasons,team_id,ACTIVE_READ_WRITE,yes,yes,yes,yes,no,src/components/admin/teams/services/teams.service.js; src/app/admin/teams/actions.js; src/lib/admin-auth/scopes/scopeRepository.js; src/lib/events/eventLoader.js,High,
public,team_seasons,season_id,ACTIVE_READ_WRITE,yes,yes,partial,yes,no,src/components/admin/teams/services/teams.service.js; src/app/admin/teams/actions.js; src/lib/admin-auth/scopes/scopeRepository.js; src/lib/events/eventLoader.js,High,
public,team_seasons,name_de,ACTIVE_READ_WRITE,yes,yes,no,no,no,src/components/admin/teams/services/teams.service.js; src/app/admin/teams/actions.js; src/lib/admin-auth/scopes/scopeRepository.js; src/lib/events/eventLoader.js,High,
public,team_seasons,name_en,ACTIVE_READ_WRITE,yes,yes,no,no,no,src/components/admin/teams/services/teams.service.js; src/app/admin/teams/actions.js; src/lib/admin-auth/scopes/scopeRepository.js; src/lib/events/eventLoader.js,High,
public,team_seasons,slug,ACTIVE_READ_WRITE,yes,yes,yes,no,no,src/components/admin/teams/services/teams.service.js; src/app/admin/teams/actions.js; src/lib/admin-auth/scopes/scopeRepository.js; src/lib/events/eventLoader.js,High,
public,team_seasons,age_group,ACTIVE_READ_WRITE,yes,yes,no,no,no,src/components/admin/teams/services/teams.service.js; src/app/admin/teams/actions.js; src/lib/admin-auth/scopes/scopeRepository.js; src/lib/events/eventLoader.js,High,
public,team_seasons,description_de,ACTIVE_READ_WRITE,yes,yes,no,no,no,src/components/admin/teams/services/teams.service.js; src/app/admin/teams/actions.js; src/lib/admin-auth/scopes/scopeRepository.js; src/lib/events/eventLoader.js,High,
public,team_seasons,description_en,ACTIVE_READ_WRITE,yes,yes,no,no,no,src/components/admin/teams/services/teams.service.js; src/app/admin/teams/actions.js; src/lib/admin-auth/scopes/scopeRepository.js; src/lib/events/eventLoader.js,High,
public,team_seasons,training_times_de,ACTIVE_READ_WRITE,yes,yes,no,no,no,src/components/admin/teams/services/teams.service.js; src/app/admin/teams/actions.js; src/lib/admin-auth/scopes/scopeRepository.js; src/lib/events/eventLoader.js,High,
public,team_seasons,training_times_en,ACTIVE_READ_WRITE,yes,yes,no,no,no,src/components/admin/teams/services/teams.service.js; src/app/admin/teams/actions.js; src/lib/admin-auth/scopes/scopeRepository.js; src/lib/events/eventLoader.js,High,
public,team_seasons,team_image_url,ACTIVE_READ_WRITE,yes,yes,no,no,no,src/components/admin/teams/services/teams.service.js; src/app/admin/teams/actions.js; src/lib/admin-auth/scopes/scopeRepository.js; src/lib/events/eventLoader.js,High,
public,team_seasons,contact_name,ACTIVE_READ_WRITE,yes,yes,no,no,no,src/components/admin/teams/services/teams.service.js; src/app/admin/teams/actions.js; src/lib/admin-auth/scopes/scopeRepository.js; src/lib/events/eventLoader.js,High,
public,team_seasons,contact_email,ACTIVE_READ_WRITE,yes,yes,no,no,no,src/components/admin/teams/services/teams.service.js; src/app/admin/teams/actions.js; src/lib/admin-auth/scopes/scopeRepository.js; src/lib/events/eventLoader.js,High,
public,team_seasons,contact_phone,ACTIVE_READ_WRITE,yes,yes,no,no,no,src/components/admin/teams/services/teams.service.js; src/app/admin/teams/actions.js; src/lib/admin-auth/scopes/scopeRepository.js; src/lib/events/eventLoader.js,High,
public,team_seasons,contact_image_url,ACTIVE_READ_WRITE,yes,yes,no,no,no,src/components/admin/teams/services/teams.service.js; src/app/admin/teams/actions.js; src/lib/admin-auth/scopes/scopeRepository.js; src/lib/events/eventLoader.js,High,
public,team_seasons,fussball_de_matches_widget_id,ACTIVE_READ_WRITE,yes,yes,partial,yes,no,src/components/admin/teams/services/teams.service.js; src/app/admin/teams/actions.js; src/lib/admin-auth/scopes/scopeRepository.js; src/lib/events/eventLoader.js,High,
public,team_seasons,fussball_de_table_widget_id,ACTIVE_READ_WRITE,yes,yes,partial,yes,no,src/components/admin/teams/services/teams.service.js; src/app/admin/teams/actions.js; src/lib/admin-auth/scopes/scopeRepository.js; src/lib/events/eventLoader.js,High,
public,team_seasons,fussball_de_team_url,ACTIVE_READ_WRITE,yes,yes,no,no,no,src/components/admin/teams/services/teams.service.js; src/app/admin/teams/actions.js; src/lib/admin-auth/scopes/scopeRepository.js; src/lib/events/eventLoader.js,High,
public,team_seasons,is_active,ACTIVE_READ_WRITE,yes,yes,yes,no,no,src/components/admin/teams/services/teams.service.js; src/app/admin/teams/actions.js; src/lib/admin-auth/scopes/scopeRepository.js; src/lib/events/eventLoader.js,High,
public,team_seasons,sort_order,ACTIVE_READ_WRITE,yes,yes,yes,no,no,src/components/admin/teams/services/teams.service.js; src/app/admin/teams/actions.js; src/lib/admin-auth/scopes/scopeRepository.js; src/lib/events/eventLoader.js,High,
public,team_seasons,created_at,ACTIVE_READ_WRITE,yes,yes,no,no,no,src/components/admin/teams/services/teams.service.js; src/app/admin/teams/actions.js; src/lib/admin-auth/scopes/scopeRepository.js; src/lib/events/eventLoader.js,High,
public,team_templates,id,ACTIVE_READ_ONLY,yes,no,yes,no,no,src/app/admin/teams/new/page.js,Medium,
public,team_templates,name_de,ACTIVE_READ_ONLY,yes,no,no,no,no,src/app/admin/teams/new/page.js,Medium,
public,team_templates,slug,ACTIVE_READ_ONLY,yes,no,yes,no,no,src/app/admin/teams/new/page.js,Medium,
public,team_templates,age_group,ACTIVE_READ_ONLY,yes,no,no,no,no,src/app/admin/teams/new/page.js,Medium,
public,team_templates,is_active,ACTIVE_READ_ONLY,yes,no,yes,no,no,src/app/admin/teams/new/page.js,Medium,
public,team_templates,sort_order,ACTIVE_READ_ONLY,yes,no,yes,no,no,src/app/admin/teams/new/page.js,Medium,
public,team_templates,created_at,ACTIVE_READ_ONLY,yes,no,no,no,no,src/app/admin/teams/new/page.js,Medium,
public,team_training_exceptions,id,ACTIVE_READ_WRITE,yes,yes,yes,no,no,src/components/admin/teams/services/training.service.js; src/lib/events/eventLoader.js,High,
public,team_training_exceptions,team_training_time_id,ACTIVE_READ_WRITE,yes,yes,partial,yes,no,src/components/admin/teams/services/training.service.js; src/lib/events/eventLoader.js,High,
public,team_training_exceptions,exception_date,ACTIVE_READ_WRITE,yes,yes,yes,no,no,src/components/admin/teams/services/training.service.js; src/lib/events/eventLoader.js,High,
public,team_training_exceptions,exception_type,ACTIVE_READ_WRITE,yes,yes,no,no,no,src/components/admin/teams/services/training.service.js; src/lib/events/eventLoader.js,High,
public,team_training_exceptions,override_start_time,ACTIVE_READ_WRITE,yes,yes,no,no,no,src/components/admin/teams/services/training.service.js; src/lib/events/eventLoader.js,High,
public,team_training_exceptions,override_end_time,ACTIVE_READ_WRITE,yes,yes,no,no,no,src/components/admin/teams/services/training.service.js; src/lib/events/eventLoader.js,High,
public,team_training_exceptions,override_training_type,ACTIVE_READ_WRITE,yes,yes,no,no,no,src/components/admin/teams/services/training.service.js; src/lib/events/eventLoader.js,High,
public,team_training_exceptions,override_location_name,ACTIVE_READ_WRITE,yes,yes,no,no,no,src/components/admin/teams/services/training.service.js; src/lib/events/eventLoader.js,High,
public,team_training_exceptions,override_location_address,ACTIVE_READ_WRITE,yes,yes,no,no,no,src/components/admin/teams/services/training.service.js; src/lib/events/eventLoader.js,High,
public,team_training_exceptions,override_location_city,ACTIVE_READ_WRITE,yes,yes,no,no,no,src/components/admin/teams/services/training.service.js; src/lib/events/eventLoader.js,High,
public,team_training_exceptions,override_location_note,ACTIVE_READ_WRITE,yes,yes,no,no,no,src/components/admin/teams/services/training.service.js; src/lib/events/eventLoader.js,High,
public,team_training_exceptions,note,ACTIVE_READ_WRITE,yes,yes,no,no,no,src/components/admin/teams/services/training.service.js; src/lib/events/eventLoader.js,High,
public,team_training_exceptions,is_active,ACTIVE_READ_WRITE,yes,yes,yes,no,no,src/components/admin/teams/services/training.service.js; src/lib/events/eventLoader.js,High,
public,team_training_exceptions,created_at,ACTIVE_READ_WRITE,yes,yes,no,no,no,src/components/admin/teams/services/training.service.js; src/lib/events/eventLoader.js,High,
public,team_training_exceptions,updated_at,ACTIVE_READ_WRITE,yes,yes,no,no,no,src/components/admin/teams/services/training.service.js; src/lib/events/eventLoader.js,High,
public,team_training_times,id,ACTIVE_READ_WRITE,yes,yes,yes,no,no,src/components/admin/teams/services/training.service.js; src/lib/events/eventLoader.js,High,
public,team_training_times,team_season_id,ACTIVE_READ_WRITE,yes,yes,yes,yes,no,src/components/admin/teams/services/training.service.js; src/lib/events/eventLoader.js,High,
public,team_training_times,weekday,ACTIVE_READ_WRITE,yes,yes,no,no,no,src/components/admin/teams/services/training.service.js; src/lib/events/eventLoader.js,High,
public,team_training_times,start_time,ACTIVE_READ_WRITE,yes,yes,no,no,no,src/components/admin/teams/services/training.service.js; src/lib/events/eventLoader.js,High,
public,team_training_times,end_time,ACTIVE_READ_WRITE,yes,yes,no,no,no,src/components/admin/teams/services/training.service.js; src/lib/events/eventLoader.js,High,
public,team_training_times,training_type,ACTIVE_READ_WRITE,yes,yes,no,no,no,src/components/admin/teams/services/training.service.js; src/lib/events/eventLoader.js,High,
public,team_training_times,location_name,ACTIVE_READ_WRITE,yes,yes,no,no,no,src/components/admin/teams/services/training.service.js; src/lib/events/eventLoader.js,High,
public,team_training_times,location_address,ACTIVE_READ_WRITE,yes,yes,no,no,no,src/components/admin/teams/services/training.service.js; src/lib/events/eventLoader.js,High,
public,team_training_times,location_city,ACTIVE_READ_WRITE,yes,yes,no,no,no,src/components/admin/teams/services/training.service.js; src/lib/events/eventLoader.js,High,
public,team_training_times,location_note,ACTIVE_READ_WRITE,yes,yes,no,no,no,src/components/admin/teams/services/training.service.js; src/lib/events/eventLoader.js,High,
public,team_training_times,effective_from,ACTIVE_READ_WRITE,yes,yes,no,no,no,src/components/admin/teams/services/training.service.js; src/lib/events/eventLoader.js,High,
public,team_training_times,effective_until,ACTIVE_READ_WRITE,yes,yes,no,no,no,src/components/admin/teams/services/training.service.js; src/lib/events/eventLoader.js,High,
public,team_training_times,is_active,ACTIVE_READ_WRITE,yes,yes,yes,no,no,src/components/admin/teams/services/training.service.js; src/lib/events/eventLoader.js,High,
public,team_training_times,sort_order,ACTIVE_READ_WRITE,yes,yes,yes,no,no,src/components/admin/teams/services/training.service.js; src/lib/events/eventLoader.js,High,
public,team_training_times,note,ACTIVE_READ_WRITE,yes,yes,no,no,no,src/components/admin/teams/services/training.service.js; src/lib/events/eventLoader.js,High,
public,team_training_times,created_at,ACTIVE_READ_WRITE,yes,yes,no,no,no,src/components/admin/teams/services/training.service.js; src/lib/events/eventLoader.js,High,
public,team_training_times,updated_at,ACTIVE_READ_WRITE,yes,yes,no,no,no,src/components/admin/teams/services/training.service.js; src/lib/events/eventLoader.js,High,
public,teams,id,ACTIVE_READ_WRITE,yes,yes,yes,no,no,src/components/admin/teams/services/teams.service.js; src/app/admin/teams/page.js; src/app/admin/teams/actions.js; src/app/(website)/fussball/[slug]/page.js; src/lib/admin-auth/scopes/scopeRepository.js; src/lib/events/eventLoader.js; src/components/admin/delete/removeActions.js,High,
public,teams,department_id,ACTIVE_READ_WRITE,yes,yes,partial,yes,no,src/components/admin/teams/services/teams.service.js; src/app/admin/teams/page.js; src/app/admin/teams/actions.js; src/app/(website)/fussball/[slug]/page.js; src/lib/admin-auth/scopes/scopeRepository.js; src/lib/events/eventLoader.js; src/components/admin/delete/removeActions.js,High,
public,teams,name_de,ACTIVE_READ_WRITE,yes,yes,no,no,no,src/components/admin/teams/services/teams.service.js; src/app/admin/teams/page.js; src/app/admin/teams/actions.js; src/app/(website)/fussball/[slug]/page.js; src/lib/admin-auth/scopes/scopeRepository.js; src/lib/events/eventLoader.js; src/components/admin/delete/removeActions.js,High,
public,teams,name_en,ACTIVE_READ_WRITE,yes,yes,no,no,no,src/components/admin/teams/services/teams.service.js; src/app/admin/teams/page.js; src/app/admin/teams/actions.js; src/app/(website)/fussball/[slug]/page.js; src/lib/admin-auth/scopes/scopeRepository.js; src/lib/events/eventLoader.js; src/components/admin/delete/removeActions.js,High,
public,teams,slug,ACTIVE_READ_WRITE,yes,yes,yes,no,no,src/components/admin/teams/services/teams.service.js; src/app/admin/teams/page.js; src/app/admin/teams/actions.js; src/app/(website)/fussball/[slug]/page.js; src/lib/admin-auth/scopes/scopeRepository.js; src/lib/events/eventLoader.js; src/components/admin/delete/removeActions.js,High,
public,teams,age_group,ACTIVE_READ_WRITE,yes,yes,no,no,no,src/components/admin/teams/services/teams.service.js; src/app/admin/teams/page.js; src/app/admin/teams/actions.js; src/app/(website)/fussball/[slug]/page.js; src/lib/admin-auth/scopes/scopeRepository.js; src/lib/events/eventLoader.js; src/components/admin/delete/removeActions.js,High,
public,teams,season,ACTIVE_READ_WRITE,yes,yes,no,no,no,src/components/admin/teams/services/teams.service.js; src/app/admin/teams/page.js; src/app/admin/teams/actions.js; src/app/(website)/fussball/[slug]/page.js; src/lib/admin-auth/scopes/scopeRepository.js; src/lib/events/eventLoader.js; src/components/admin/delete/removeActions.js,High,
public,teams,is_active,ACTIVE_READ_WRITE,yes,yes,yes,no,no,src/components/admin/teams/services/teams.service.js; src/app/admin/teams/page.js; src/app/admin/teams/actions.js; src/app/(website)/fussball/[slug]/page.js; src/lib/admin-auth/scopes/scopeRepository.js; src/lib/events/eventLoader.js; src/components/admin/delete/removeActions.js,High,
public,teams,sort_order,ACTIVE_READ_WRITE,yes,yes,yes,no,no,src/components/admin/teams/services/teams.service.js; src/app/admin/teams/page.js; src/app/admin/teams/actions.js; src/app/(website)/fussball/[slug]/page.js; src/lib/admin-auth/scopes/scopeRepository.js; src/lib/events/eventLoader.js; src/components/admin/delete/removeActions.js,High,
public,teams,created_at,ACTIVE_READ_WRITE,yes,yes,no,no,no,src/components/admin/teams/services/teams.service.js; src/app/admin/teams/page.js; src/app/admin/teams/actions.js; src/app/(website)/fussball/[slug]/page.js; src/lib/admin-auth/scopes/scopeRepository.js; src/lib/events/eventLoader.js; src/components/admin/delete/removeActions.js,High,
public,teams,description_de,ACTIVE_READ_WRITE,yes,yes,no,no,no,src/components/admin/teams/services/teams.service.js; src/app/admin/teams/page.js; src/app/admin/teams/actions.js; src/app/(website)/fussball/[slug]/page.js; src/lib/admin-auth/scopes/scopeRepository.js; src/lib/events/eventLoader.js; src/components/admin/delete/removeActions.js,High,
public,teams,description_en,ACTIVE_READ_WRITE,yes,yes,no,no,no,src/components/admin/teams/services/teams.service.js; src/app/admin/teams/page.js; src/app/admin/teams/actions.js; src/app/(website)/fussball/[slug]/page.js; src/lib/admin-auth/scopes/scopeRepository.js; src/lib/events/eventLoader.js; src/components/admin/delete/removeActions.js,High,
public,teams,training_times_de,ACTIVE_READ_WRITE,yes,yes,no,no,no,src/components/admin/teams/services/teams.service.js; src/app/admin/teams/page.js; src/app/admin/teams/actions.js; src/app/(website)/fussball/[slug]/page.js; src/lib/admin-auth/scopes/scopeRepository.js; src/lib/events/eventLoader.js; src/components/admin/delete/removeActions.js,High,
public,teams,training_times_en,ACTIVE_READ_WRITE,yes,yes,no,no,no,src/components/admin/teams/services/teams.service.js; src/app/admin/teams/page.js; src/app/admin/teams/actions.js; src/app/(website)/fussball/[slug]/page.js; src/lib/admin-auth/scopes/scopeRepository.js; src/lib/events/eventLoader.js; src/components/admin/delete/removeActions.js,High,
public,teams,team_image_url,ACTIVE_READ_WRITE,yes,yes,no,no,no,src/components/admin/teams/services/teams.service.js; src/app/admin/teams/page.js; src/app/admin/teams/actions.js; src/app/(website)/fussball/[slug]/page.js; src/lib/admin-auth/scopes/scopeRepository.js; src/lib/events/eventLoader.js; src/components/admin/delete/removeActions.js,High,
public,teams,contact_name,ACTIVE_READ_WRITE,yes,yes,no,no,no,src/components/admin/teams/services/teams.service.js; src/app/admin/teams/page.js; src/app/admin/teams/actions.js; src/app/(website)/fussball/[slug]/page.js; src/lib/admin-auth/scopes/scopeRepository.js; src/lib/events/eventLoader.js; src/components/admin/delete/removeActions.js,High,
public,teams,contact_email,ACTIVE_READ_WRITE,yes,yes,no,no,no,src/components/admin/teams/services/teams.service.js; src/app/admin/teams/page.js; src/app/admin/teams/actions.js; src/app/(website)/fussball/[slug]/page.js; src/lib/admin-auth/scopes/scopeRepository.js; src/lib/events/eventLoader.js; src/components/admin/delete/removeActions.js,High,
public,teams,contact_phone,ACTIVE_READ_WRITE,yes,yes,no,no,no,src/components/admin/teams/services/teams.service.js; src/app/admin/teams/page.js; src/app/admin/teams/actions.js; src/app/(website)/fussball/[slug]/page.js; src/lib/admin-auth/scopes/scopeRepository.js; src/lib/events/eventLoader.js; src/components/admin/delete/removeActions.js,High,
public,teams,contact_image_url,ACTIVE_READ_WRITE,yes,yes,no,no,no,src/components/admin/teams/services/teams.service.js; src/app/admin/teams/page.js; src/app/admin/teams/actions.js; src/app/(website)/fussball/[slug]/page.js; src/lib/admin-auth/scopes/scopeRepository.js; src/lib/events/eventLoader.js; src/components/admin/delete/removeActions.js,High,
public,teams,fussball_de_matches_widget_url,ACTIVE_READ_WRITE,yes,yes,no,no,no,src/components/admin/teams/services/teams.service.js; src/app/admin/teams/page.js; src/app/admin/teams/actions.js; src/app/(website)/fussball/[slug]/page.js; src/lib/admin-auth/scopes/scopeRepository.js; src/lib/events/eventLoader.js; src/components/admin/delete/removeActions.js,High,
public,teams,fussball_de_matches_url,ACTIVE_READ_WRITE,yes,yes,no,no,no,src/components/admin/teams/services/teams.service.js; src/app/admin/teams/page.js; src/app/admin/teams/actions.js; src/app/(website)/fussball/[slug]/page.js; src/lib/admin-auth/scopes/scopeRepository.js; src/lib/events/eventLoader.js; src/components/admin/delete/removeActions.js,High,
public,teams,dfb_matches_widget_url,ACTIVE_READ_WRITE,yes,yes,no,no,no,src/components/admin/teams/services/teams.service.js; src/app/admin/teams/page.js; src/app/admin/teams/actions.js; src/app/(website)/fussball/[slug]/page.js; src/lib/admin-auth/scopes/scopeRepository.js; src/lib/events/eventLoader.js; src/components/admin/delete/removeActions.js,High,
public,teams,fussball_de_table_widget_url,ACTIVE_READ_WRITE,yes,yes,no,no,no,src/components/admin/teams/services/teams.service.js; src/app/admin/teams/page.js; src/app/admin/teams/actions.js; src/app/(website)/fussball/[slug]/page.js; src/lib/admin-auth/scopes/scopeRepository.js; src/lib/events/eventLoader.js; src/components/admin/delete/removeActions.js,High,
public,teams,fussball_de_table_url,ACTIVE_READ_WRITE,yes,yes,no,no,no,src/components/admin/teams/services/teams.service.js; src/app/admin/teams/page.js; src/app/admin/teams/actions.js; src/app/(website)/fussball/[slug]/page.js; src/lib/admin-auth/scopes/scopeRepository.js; src/lib/events/eventLoader.js; src/components/admin/delete/removeActions.js,High,
public,teams,dfb_table_widget_url,ACTIVE_READ_WRITE,yes,yes,no,no,no,src/components/admin/teams/services/teams.service.js; src/app/admin/teams/page.js; src/app/admin/teams/actions.js; src/app/(website)/fussball/[slug]/page.js; src/lib/admin-auth/scopes/scopeRepository.js; src/lib/events/eventLoader.js; src/components/admin/delete/removeActions.js,High,
public,teams,fussball_de_team_id,ACTIVE_READ_WRITE,yes,yes,partial,yes,no,src/components/admin/teams/services/teams.service.js; src/app/admin/teams/page.js; src/app/admin/teams/actions.js; src/app/(website)/fussball/[slug]/page.js; src/lib/admin-auth/scopes/scopeRepository.js; src/lib/events/eventLoader.js; src/components/admin/delete/removeActions.js,High,
public,teams,fussball_de_competition_id,ACTIVE_READ_WRITE,yes,yes,partial,yes,no,src/components/admin/teams/services/teams.service.js; src/app/admin/teams/page.js; src/app/admin/teams/actions.js; src/app/(website)/fussball/[slug]/page.js; src/lib/admin-auth/scopes/scopeRepository.js; src/lib/events/eventLoader.js; src/components/admin/delete/removeActions.js,High,
public,teams,fussball_de_club_id,ACTIVE_READ_WRITE,yes,yes,partial,yes,no,src/components/admin/teams/services/teams.service.js; src/app/admin/teams/page.js; src/app/admin/teams/actions.js; src/app/(website)/fussball/[slug]/page.js; src/lib/admin-auth/scopes/scopeRepository.js; src/lib/events/eventLoader.js; src/components/admin/delete/removeActions.js,High,
public,teams,fussball_de_team_url,ACTIVE_READ_WRITE,yes,yes,no,no,no,src/components/admin/teams/services/teams.service.js; src/app/admin/teams/page.js; src/app/admin/teams/actions.js; src/app/(website)/fussball/[slug]/page.js; src/lib/admin-auth/scopes/scopeRepository.js; src/lib/events/eventLoader.js; src/components/admin/delete/removeActions.js,High,
public,teams,fupa_matches_widget_id,ACTIVE_READ_WRITE,yes,yes,partial,yes,no,src/components/admin/teams/services/teams.service.js; src/app/admin/teams/page.js; src/app/admin/teams/actions.js; src/app/(website)/fussball/[slug]/page.js; src/lib/admin-auth/scopes/scopeRepository.js; src/lib/events/eventLoader.js; src/components/admin/delete/removeActions.js,High,
public,teams,fupa_table_widget_id,ACTIVE_READ_WRITE,yes,yes,partial,yes,no,src/components/admin/teams/services/teams.service.js; src/app/admin/teams/page.js; src/app/admin/teams/actions.js; src/app/(website)/fussball/[slug]/page.js; src/lib/admin-auth/scopes/scopeRepository.js; src/lib/events/eventLoader.js; src/components/admin/delete/removeActions.js,High,
public,teams,fupa_club_url,ACTIVE_READ_WRITE,yes,yes,no,no,no,src/components/admin/teams/services/teams.service.js; src/app/admin/teams/page.js; src/app/admin/teams/actions.js; src/app/(website)/fussball/[slug]/page.js; src/lib/admin-auth/scopes/scopeRepository.js; src/lib/events/eventLoader.js; src/components/admin/delete/removeActions.js,High,
public,teams,fussball_de_matches_widget_id,ACTIVE_READ_WRITE,yes,yes,partial,yes,no,src/components/admin/teams/services/teams.service.js; src/app/admin/teams/page.js; src/app/admin/teams/actions.js; src/app/(website)/fussball/[slug]/page.js; src/lib/admin-auth/scopes/scopeRepository.js; src/lib/events/eventLoader.js; src/components/admin/delete/removeActions.js,High,
public,teams,fussball_de_table_widget_id,ACTIVE_READ_WRITE,yes,yes,partial,yes,no,src/components/admin/teams/services/teams.service.js; src/app/admin/teams/page.js; src/app/admin/teams/actions.js; src/app/(website)/fussball/[slug]/page.js; src/lib/admin-auth/scopes/scopeRepository.js; src/lib/events/eventLoader.js; src/components/admin/delete/removeActions.js,High,